/*
SQLyog Enterprise - MySQL GUI v6.14
MySQL - 5.0.22-community-nt : Database - elec
*********************************************************************
*/

/*!40101 SET NAMES utf8 */;

/*!40101 SET SQL_MODE=''*/;

create database if not exists `elec`;

USE `elec`;

/*!40014 SET @OLD_FOREIGN_KEY_CHECKS=@@FOREIGN_KEY_CHECKS, FOREIGN_KEY_CHECKS=0 */;
/*!40101 SET @OLD_SQL_MODE=@@SQL_MODE, SQL_MODE='NO_AUTO_VALUE_ON_ZERO' */;

/*Table structure for table `elec_adjust` */

DROP TABLE IF EXISTS `elec_adjust`;

CREATE TABLE `elec_adjust` (
  `adjustID` int(11) NOT NULL,
  `equapmentID` int(11) default NULL,
  `jctID` varchar(255) default NULL,
  `devName` varchar(255) default NULL,
  `adjustPeriod` varchar(255) default NULL,
  `apunit` varchar(255) default NULL,
  `useDate` date default NULL,
  `devType` varchar(255) default NULL,
  `startDate` date default NULL,
  `isHaving` varchar(255) default NULL,
  `comment` varchar(255) default NULL,
  `record` varchar(255) default NULL,
  PRIMARY KEY  (`adjustID`)
) ENGINE=InnoDB DEFAULT CHARSET=utf8;

/*Data for the table `elec_adjust` */

insert  into `elec_adjust`(`adjustID`,`equapmentID`,`jctID`,`devName`,`adjustPeriod`,`apunit`,`useDate`,`devType`,`startDate`,`isHaving`,`comment`,`record`) values (6,2,'1','笔记本电脑','1','月','2014-05-04','2','2014-05-05','2','hhhhh','呵呵呵'),(7,3,'4','Iphone4','1','月','2014-05-04','3','2014-05-05','2','hhhhh','呵呵呵'),(8,4,'1','word2007','1','月','2014-05-04','5','2014-05-05','2','hhhhh','呵呵呵'),(9,5,'1','电视机','1','月','2014-05-04','6','2014-05-05','2','hhhhh','呵呵呵'),(10,6,'1','office','1','月','2014-05-04','5','2014-05-05','2','hhhhh','呵呵呵'),(11,7,'3','联想','1','月','2014-05-04','3','2014-05-05','2','hhhhh','呵呵呵'),(13,9,'4','东芝','1','月','2014-05-04','3','2014-05-05','2','hhhhh','呵呵呵'),(15,11,'4','避雷针','2','月','2014-05-04','4','2014-05-05','2','hhhhh','呵呵呵'),(16,12,'1','笔记本电脑','1','月','2014-05-04','2','2014-05-05','2','hhhhh','呵呵呵'),(17,1,'4','usb电脑连接接口','1','月','2014-05-04','2','2014-05-05','2','有意义','医院'),(18,1,'4','usb电脑连接接口','1','月','2014-05-04','2','2014-05-05','2','adjustID','adjustID'),(19,1,'4','usb电脑连接接口','1','月','2014-05-04','2','2014-05-05','2','','');

/*Table structure for table `elec_application` */

DROP TABLE IF EXISTS `elec_application`;

CREATE TABLE `elec_application` (
  `applicationID` int(11) NOT NULL,
  `title` varchar(255) default NULL,
  `path` varchar(255) default NULL,
  `applyTime` datetime default NULL,
  `status` varchar(255) default NULL,
  `processInstanceID` varchar(255) default NULL,
  `applicationTemplateID` int(11) default NULL,
  `applicationUserID` varchar(255) default NULL,
  PRIMARY KEY  (`applicationID`),
  KEY `FKA907BB962E934728` (`applicationTemplateID`),
  KEY `FKA907BB968F86D388` (`applicationUserID`),
  CONSTRAINT `FKA907BB962E934728` FOREIGN KEY (`applicationTemplateID`) REFERENCES `elec_application_template` (`id`),
  CONSTRAINT `FKA907BB968F86D388` FOREIGN KEY (`applicationUserID`) REFERENCES `elec_user` (`userID`)
) ENGINE=InnoDB DEFAULT CHARSET=utf8;

/*Data for the table `elec_application` */

/*Table structure for table `elec_application_template` */

DROP TABLE IF EXISTS `elec_application_template`;

CREATE TABLE `elec_application_template` (
  `id` int(11) NOT NULL,
  `name` varchar(255) default NULL,
  `processDefinitionKey` varchar(255) default NULL,
  `path` varchar(255) default NULL,
  PRIMARY KEY  (`id`)
) ENGINE=InnoDB DEFAULT CHARSET=utf8;

/*Data for the table `elec_application_template` */

/*Table structure for table `elec_approveinfo` */

DROP TABLE IF EXISTS `elec_approveinfo`;

CREATE TABLE `elec_approveinfo` (
  `approveID` int(11) NOT NULL,
  `comment` varchar(255) default NULL,
  `approval` bit(1) default NULL,
  `approveTime` datetime default NULL,
  `applicationID` int(11) default NULL,
  `approveUserID` varchar(255) default NULL,
  PRIMARY KEY  (`approveID`),
  KEY `FK764523E1D1280994` (`applicationID`),
  KEY `FK764523E1EB349FC5` (`approveUserID`),
  CONSTRAINT `FK764523E1D1280994` FOREIGN KEY (`applicationID`) REFERENCES `elec_application` (`applicationID`),
  CONSTRAINT `FK764523E1EB349FC5` FOREIGN KEY (`approveUserID`) REFERENCES `elec_user` (`userID`)
) ENGINE=InnoDB DEFAULT CHARSET=utf8;

/*Data for the table `elec_approveinfo` */

/*Table structure for table `elec_bug` */

DROP TABLE IF EXISTS `elec_bug`;

CREATE TABLE `elec_bug` (
  `bugID` int(11) NOT NULL,
  `stationID` int(11) default NULL,
  `bugType` varchar(255) default NULL,
  `occurDate` date default NULL,
  `produceHome` varchar(255) default NULL,
  `bugDescribe` varchar(255) default NULL,
  `resolveDate` date default NULL,
  `resolveMethod` varchar(255) default NULL,
  `btnResolve` varchar(255) default NULL,
  `bugReason` varchar(255) default NULL,
  `comment` varchar(255) default NULL,
  `sbYear` varchar(255) default NULL,
  `sbMonth` varchar(255) default NULL,
  PRIMARY KEY  (`bugID`),
  KEY `FK2CADABA9416660A` (`stationID`),
  CONSTRAINT `FK2CADABA9416660A` FOREIGN KEY (`stationID`) REFERENCES `elec_station` (`stationID`)
) ENGINE=InnoDB DEFAULT CHARSET=utf8;

/*Data for the table `elec_bug` */

insert  into `elec_bug`(`bugID`,`stationID`,`bugType`,`occurDate`,`produceHome`,`bugDescribe`,`resolveDate`,`resolveMethod`,`btnResolve`,`bugReason`,`comment`,`sbYear`,`sbMonth`) values (1,1,'1','2014-05-30','北京市','北京停电','2014-05-30','发电机发电',NULL,'举国哀悼','胡扯','2014','1'),(2,2,'3','2014-05-30','北京市传智播客','通讯故障','2014-05-30','回复通讯',NULL,'通讯膨胀','增加通讯带宽','2014','2'),(3,3,'1','2014-05-15','信阳市五月计划','信阳市五月计划','2014-05-22','信阳市五月计划',NULL,'信阳市五月计划','信阳市五月计划','2014','2'),(4,4,'1','2014-05-30','声震市五月计划','声震市五月计划','2014-06-26','声震市五月计划',NULL,'声震市五月计划','声震市五月计划','2014','3'),(5,1,'1','2014-05-29','hhhhhhhhhh','hhhhhhhhhh','2014-05-30','hhhhhhhhhh',NULL,'hhhhhhhhhh','hhhhhhhhhh','2014','5'),(6,2,'2','2014-05-30','信阳市伊尔和','信阳市伊尔和','2014-05-30','信阳市伊尔和',NULL,'信阳市伊尔和','信阳市伊尔和','2014','5'),(7,1,'1','2014-05-30','河南工业大学','河南工业大学','2014-05-30','河南工业大学',NULL,'河南工业大学','河南工业大学','2014','6'),(8,1,'1','2014-05-30','河南工业大学','河南工业大学','2014-05-30','河南工业大学',NULL,'河南工业大学','河南工业大学','2014','5'),(9,8,'2','2014-05-21','','河南工业大学','2014-05-30','河南工业大学',NULL,'河南工业大学','河南工业大学','2014','3'),(10,8,'1','2014-05-08','河南工业大学','河南工业大学','2014-05-31','河南工业大学',NULL,'河南工业大学','河南工业大学','2012','5'),(11,1,'3','2014-05-05','甘亮','bugID','2014-05-30','bugID',NULL,'bugID','bugID','2014','6');

/*Table structure for table `elec_building` */

DROP TABLE IF EXISTS `elec_building`;

CREATE TABLE `elec_building` (
  `buildingID` int(11) NOT NULL,
  `jctID` varchar(255) default NULL,
  `buildName` varchar(255) default NULL,
  `buildType` varchar(255) default NULL,
  `buildLayer` int(11) default NULL,
  `buildArea` double default NULL,
  `buildStartDate` date default NULL,
  `extendBuildDate` date default NULL,
  `extendBuildArea` double default NULL,
  `dxDate` date default NULL,
  `buildExpense` double default NULL,
  `useDate` date default NULL,
  `comment` varchar(255) default NULL,
  PRIMARY KEY  (`buildingID`)
) ENGINE=InnoDB DEFAULT CHARSET=utf8;

/*Data for the table `elec_building` */

insert  into `elec_building`(`buildingID`,`jctID`,`buildName`,`buildType`,`buildLayer`,`buildArea`,`buildStartDate`,`extendBuildDate`,`extendBuildArea`,`dxDate`,`buildExpense`,`useDate`,`comment`) values (7,'3','007','3',NULL,1234,NULL,NULL,0,NULL,0,NULL,''),(9,'4','009','3',NULL,1234,NULL,NULL,0,NULL,0,NULL,''),(10,'1','010','3',NULL,11234,NULL,NULL,0,NULL,0,NULL,''),(11,'2','011','3',NULL,12345,NULL,NULL,0,NULL,0,NULL,''),(12,'1','012','1',NULL,1123,NULL,NULL,0,NULL,0,NULL,''),(15,'2','015','1',NULL,123,NULL,NULL,0,NULL,0,NULL,''),(16,'3','016','1',NULL,123,NULL,NULL,0,NULL,0,NULL,''),(19,'4','019','1',NULL,123,NULL,NULL,0,NULL,0,NULL,''),(20,'3','020','2',NULL,123,NULL,NULL,0,NULL,0,NULL,''),(21,'1','001','1',NULL,123,NULL,NULL,0,NULL,0,NULL,''),(22,'1','001','1',NULL,123,NULL,NULL,0,NULL,0,NULL,''),(23,'1','001','1',NULL,1,NULL,NULL,0,NULL,0,NULL,''),(24,'3','007','3',12,1234,'1990-05-15','1990-05-15',0,'1990-05-15',0,'1990-05-15','geggege'),(25,'3','3',NULL,12,1234,'1990-05-15','1990-05-15',0,'1990-05-15',0,'1990-05-15','geggege'),(26,'3','007','3',12,1234,'1990-05-15','1990-05-15',0,'1990-05-15',0,'1990-05-15','geggege'),(27,'3','007','3',12,1234,'1990-05-15','1990-05-15',0,'1990-05-15',0,'1990-05-15','geggege');

/*Table structure for table `elec_commonmsg` */

DROP TABLE IF EXISTS `elec_commonmsg`;

CREATE TABLE `elec_commonmsg` (
  `comID` varchar(255) NOT NULL,
  `stationRun` varchar(255) default NULL,
  `devRun` varchar(255) default NULL,
  `createDate` datetime default NULL,
  PRIMARY KEY  (`comID`)
) ENGINE=InnoDB DEFAULT CHARSET=utf8;

/*Data for the table `elec_commonmsg` */

insert  into `elec_commonmsg`(`comID`,`stationRun`,`devRun`,`createDate`) values ('8aa50bc745828d0d0145829039360001','<p>\r\n	&nbsp;hello &nbsp; &nbsp;&nbsp;</p>\r\n','<p>\r\n	我去 &nbsp;这是在那里啊 &nbsp;小子</p>\r\n','2014-04-22 11:48:42');

/*Table structure for table `elec_datachart` */

DROP TABLE IF EXISTS `elec_datachart`;

CREATE TABLE `elec_datachart` (
  `dataChartID` int(11) NOT NULL,
  `jctID` varchar(255) default NULL,
  `belongTo` varchar(255) default NULL,
  `dataChartName` varchar(255) default NULL,
  `comment` varchar(255) default NULL,
  PRIMARY KEY  (`dataChartID`)
) ENGINE=InnoDB DEFAULT CHARSET=utf8;

/*Data for the table `elec_datachart` */

/*Table structure for table `elec_devplan` */

DROP TABLE IF EXISTS `elec_devplan`;

CREATE TABLE `elec_devplan` (
  `devPlanID` int(11) NOT NULL,
  `devType` varchar(255) default NULL,
  `devName` varchar(255) default NULL,
  `trademark` varchar(255) default NULL,
  `specType` varchar(255) default NULL,
  `produceHome` varchar(255) default NULL,
  `quality` int(11) default NULL,
  `qunit` varchar(255) default NULL,
  `useness` varchar(255) default NULL,
  `produceArea` varchar(255) default NULL,
  `devExpense` double default NULL,
  `useUnit` varchar(255) default NULL,
  `jctID` varchar(255) default NULL,
  `planDate` date default NULL,
  `adjustPeriod` varchar(255) default NULL,
  `apunit` varchar(255) default NULL,
  `overhaulPeriod` varchar(255) default NULL,
  `opunit` varchar(255) default NULL,
  `configure` varchar(255) default NULL,
  PRIMARY KEY  (`devPlanID`)
) ENGINE=InnoDB DEFAULT CHARSET=utf8;

/*Data for the table `elec_devplan` */

insert  into `elec_devplan`(`devPlanID`,`devType`,`devName`,`trademark`,`specType`,`produceHome`,`quality`,`qunit`,`useness`,`produceArea`,`devExpense`,`useUnit`,`jctID`,`planDate`,`adjustPeriod`,`apunit`,`overhaulPeriod`,`opunit`,`configure`) values (22,'4','避雷针','避雷针','避雷针5555','避雷针',1,'个','避雷针','避雷针',234,'人民币','4','2014-05-03','2','月','5','月','避雷针避雷针避雷针避雷针避雷针'),(23,'1','usb电脑连接接口','USB','USB-2259','usb电脑连接接口',1000,'个','usb电脑连接接口','usb电脑连接接口',122,'人民币','1','2014-05-04','1','月','5','日','usb电脑连接接口'),(25,'3','Iphone4','Apple','拼过四代','郑州富士康',1,'个','耍酷','郑州市',3600,'人民币','4','2014-05-03','1','月','5','日','苹果电脑'),(26,'5','word2007','office','word2007','微软',1,'份','编写word文档','中国',200,'人民币','1','2014-05-03','1','月','5','日','office'),(27,'6','电视机','IT','IT-5525','中关村',100,'台','销售','北京市',8000,'人民币','1','2014-05-03','1','月','5','日','中关村电视机'),(28,'5','office','office','office','office',1,'台','office','office',234,'人民币','1','2014-05-03','1','月','5','日','officeofficeofficeoffice'),(29,'3','联想','联想','lenovon-i7','联想',1,'台','联想','联想',345,'人民币','3','2014-05-03','1','月','5','周','联想联想联想联想联想'),(30,'3','戴尔','戴尔','戴尔678','戴尔',1,'台','戴尔','戴尔',4567,'人民币','3','2014-05-03','2','月','6','月',NULL),(31,'3','东芝','东芝','东芝4567','东芝',1,'台','东芝','东芝',5678,'人民币','4','2014-05-03','1','月','5','月','东芝东芝东芝东芝'),(32,'3','西部数据','西部数据','西部数据123','西部数据',1,'台','西部数据','西部数据',480,'人民币','3','2014-05-03','1','月','4','月','西部数据西部数据西部数据西部数据西部数据'),(34,'1','usb电脑连接接口','USB','USB-2259','usb电脑连接接口',1000,'个','usb电脑连接接口','usb电脑连接接口',122,'人民币',NULL,'2014-05-04','1','月','5','日','usb电脑连接接口');

/*Table structure for table `elec_elecfileupload` */

DROP TABLE IF EXISTS `elec_elecfileupload`;

CREATE TABLE `elec_elecfileupload` (
  `fileUploadID` int(11) NOT NULL,
  `bugID` int(11) default NULL,
  `planID` int(11) default NULL,
  `file` longblob,
  `fileFileName` varchar(255) default NULL,
  `fileContentType` varchar(255) default NULL,
  `adjustID` int(11) default NULL,
  `repairID` int(11) default NULL,
  PRIMARY KEY  (`fileUploadID`),
  KEY `FK203F7DCCC822F06` (`planID`),
  KEY `FK203F7DC3763EC0A` (`bugID`),
  CONSTRAINT `FK203F7DC3763EC0A` FOREIGN KEY (`bugID`) REFERENCES `elec_bug` (`bugID`),
  CONSTRAINT `FK203F7DCCC822F06` FOREIGN KEY (`planID`) REFERENCES `elec_plan` (`planID`)
) ENGINE=InnoDB DEFAULT CHARSET=utf8;

/*Data for the table `elec_elecfileupload` */

/*Table structure for table `elec_equapment` */

DROP TABLE IF EXISTS `elec_equapment`;

CREATE TABLE `elec_equapment` (
  `equapmentID` int(11) NOT NULL,
  `jctID` varchar(255) default NULL,
  `devName` varchar(255) default NULL,
  `devType` varchar(255) default NULL,
  `quality` int(11) default NULL,
  `qunit` varchar(255) default NULL,
  `devExpense` double default NULL,
  `useUnit` varchar(255) default NULL,
  `configure` varchar(255) default NULL,
  `specType` varchar(255) default NULL,
  `trademark` varchar(255) default NULL,
  `devState` varchar(255) default NULL,
  `produceHome` varchar(255) default NULL,
  `produceArea` varchar(255) default NULL,
  `useness` varchar(255) default NULL,
  `overhaulPeriod` varchar(255) default NULL,
  `opunit` varchar(255) default NULL,
  `useDate` date default NULL,
  `planDate` date default NULL,
  `adjustPeriod` varchar(255) default NULL,
  `apunit` varchar(255) default NULL,
  `runDescribe` varchar(255) default NULL,
  `comment` varchar(255) default NULL,
  PRIMARY KEY  (`equapmentID`)
) ENGINE=InnoDB DEFAULT CHARSET=utf8;

/*Data for the table `elec_equapment` */

insert  into `elec_equapment`(`equapmentID`,`jctID`,`devName`,`devType`,`quality`,`qunit`,`devExpense`,`useUnit`,`configure`,`specType`,`trademark`,`devState`,`produceHome`,`produceArea`,`useness`,`overhaulPeriod`,`opunit`,`useDate`,`planDate`,`adjustPeriod`,`apunit`,`runDescribe`,`comment`) values (1,'4','usb电脑连接接口','2',1000,'个',122,'人民币','usb电脑连接接口','USB-2259','USB','1','usb电脑连接接口','usb电脑连接接口','usb电脑连接接口','5','日','2014-05-04',NULL,'1','月','ceshi shuju ','没问题吗 ？？？？？？？？？？'),(2,'1','笔记本电脑','2',1,'本',5600,'人民币','笔记本电脑购买','AD04','华硕','1','北京华硕','北京市','自己使用','3','日','2014-05-04','2014-05-03','1','月',NULL,NULL),(3,'4','Iphone4','3',1,'个',3600,'人民币','苹果电脑','拼过四代','Apple','1','郑州富士康','郑州市','耍酷','5','日','2014-05-04','2014-05-03','1','月',NULL,NULL),(4,'1','word2007','5',1,'份',200,'人民币','office','word2007','office','1','微软','中国','编写word文档','5','日','2014-05-04','2014-05-03','1','月',NULL,NULL),(5,'1','电视机','6',100,'台',8000,'人民币','中关村电视机','IT-5525','IT','1','中关村','北京市','销售','5','日','2014-05-04','2014-05-03','1','月',NULL,NULL),(6,'1','office','5',1,'台',234,'人民币','officeofficeofficeoffice','office','office','1','office','office','office','5','日','2014-05-04','2014-05-03','1','月',NULL,NULL),(7,'3','联想','3',1,'台',345,'人民币','联想联想联想联想联想','lenovon-i7','联想','1','联想','联想','联想','5','周','2014-05-04','2014-05-03','1','月',NULL,NULL),(8,'3','戴尔','3',1,'台',4567,'人民币',NULL,'戴尔678','戴尔','1','戴尔','戴尔','戴尔','6','月','2014-05-04','2014-05-03','2','月',NULL,NULL),(9,'4','东芝','3',1,'台',5678,'人民币','东芝东芝东芝东芝','东芝4567','东芝','1','东芝','东芝','东芝','5','月','2014-05-04','2014-05-03','1','月',NULL,NULL),(10,'3','西部数据','3',1,'台',480,'人民币','西部数据西部数据西部数据西部数据西部数据','西部数据123','西部数据','1','西部数据','西部数据','西部数据','4','月','2014-05-04','2014-05-03','1','月',NULL,NULL),(11,'4','避雷针','4',1,'个',234,'人民币','避雷针避雷针避雷针避雷针避雷针','避雷针5555','避雷针','1','避雷针','避雷针','避雷针','5','月','2014-05-04','2014-05-03','2','月',NULL,NULL),(12,'1','笔记本电脑','2',1,'本',5600,'人民币','笔记本电脑购买','AD04','华硕','1','北京华硕','北京市','自己使用','3','日','2014-05-04','2014-05-03','1','月',NULL,NULL);

/*Table structure for table `elec_exportfields` */

DROP TABLE IF EXISTS `elec_exportfields`;

CREATE TABLE `elec_exportfields` (
  `belongTo` varchar(255) NOT NULL,
  `expNameList` varchar(255) default NULL,
  `expFieldName` varchar(255) default NULL,
  `noExpNameList` varchar(255) default NULL,
  `noExpFieldName` varchar(255) default NULL,
  PRIMARY KEY  (`belongTo`)
) ENGINE=InnoDB DEFAULT CHARSET=utf8;

/*Data for the table `elec_exportfields` */

insert  into `elec_exportfields`(`belongTo`,`expNameList`,`expFieldName`,`noExpNameList`,`noExpFieldName`) values ('1-1','所属单位#设备类名称#设备类型#数量#数量单位#花费#金钱单元#配置#规格型号#品牌#设备状况#生产厂家#生产地#用途#检修周期#检修单元#使用日期#计划日期#调整周期#调整单元#运行描述#备注','jctID#devName#devType#quality#qunit#devExpense#useUnit#configure#specType#trademark#devState#produceHome#produceArea#useness#overhaulPeriod#opunit#useDate#planDate#adjustPeriod#apunit#runDescribe#comment','',''),('1-2','设备ID#用户单位#设备名称#设备类型#开始日期#是否校准#备注#记录','equapmentID#jctID#devName#devType#startDate#isHaving#comment#record','使用日期#校准单元#校准周期','useDate#apunit#adjustPeriod'),('1-2-2','设备ID#用户单位#设备名称#校准周期#检修单元#使用日期#设备类型#开始日期#是否校准#备注#记录','equapmentID#jctID#devName#overhaulPeriod#opunit#useDate#devType#startDate#isHaving#comment#record',NULL,NULL),('1-3','设备类型#设备名称#品牌#规格型号#厂家#数量#单位#用途#地产#金额#使用单元#所属单位#计划时间#校准周期#校准单位#检修周期#检修单位#配置','devType#devName#trademark#specType#produceHome#quality#qunit#useness#produceArea#devExpense#useUnit#jctID#planDate#adjustPeriod#apunit#overhaulPeriod#opunit#configure','',''),('3-1','所属单位#建筑名称#建筑类型#建筑层数#建筑面积#始建时间#扩建时间#扩建面积#大修时间#造价#使用时间#备注','jctID#buildName#buildType#buildLayer#buildArea#buildStartDate#extendBuildDate#extendBuildArea#dxDate#buildExpense#useDate#comment','',''),('4-1','所属单位#站点名称#站点代号#开始使用时间#安装地点#生产厂家#通讯方式#站点类别#归属地#备注','jctID#stationName#stationCode#useStartDate#jcfrequency#produceHome#contactType#stationType#attributionGround#comment','',''),('4-2','站点名称#站点代号#所属单位#故障类型#故障时间#处理时间#故障原因#处理方法#备注#故障描述','elecStation.stationName#elecStation.stationCode#elecStation.jctID#bugType#occurDate#resolveDate#bugReason#resolveMethod#comment#bugDescribe','',''),('5-1','所属单位#用户姓名#登录名#密码#性别#出生日期#联系地址#电子邮箱#是否在职#入职时间#职位#手机','jctID#userName#logonName#logonPwd#sexID#birthday#address#email#isDuty#onDutyDate#postID#mobile','联系电话#离职时间#备注','contactTel#offDutyDate#remark'),('5-3','站点运行情况#设备运行情况#创建日期','stationRun#devRun#createDate','','');

/*Table structure for table `elec_plan` */

DROP TABLE IF EXISTS `elec_plan`;

CREATE TABLE `elec_plan` (
  `planID` int(11) NOT NULL,
  `jctID` varchar(255) default NULL,
  `occurDate` date default NULL,
  `mainContent` varchar(255) default NULL,
  `comment` varchar(255) default NULL,
  PRIMARY KEY  (`planID`)
) ENGINE=InnoDB DEFAULT CHARSET=utf8;

/*Data for the table `elec_plan` */

insert  into `elec_plan`(`planID`,`jctID`,`occurDate`,`mainContent`,`comment`) values (1,'1','2014-05-30','北京站点定时监测电机状况\r\n','添加电机维护的计划'),(2,'1','2014-05-30','北京站点基本信息的修改','北京站点基本信息的修改'),(3,'4','2014-05-30','信阳市电机维护计划','信阳市电机维护计划'),(4,'2','2014-05-30','上海维护计划','上海维护计划'),(5,'3','2014-05-30','深圳维护计划','深圳维护计划'),(6,'4','2014-06-30','信阳市第二次维护计划监测','信阳市第二次维护计划监测'),(7,'2','2014-06-30','上海市第二次维护计划监测','上海市第二次维护计划监测'),(8,'3','2014-06-30','深圳市第二次维护计划监测','深圳市第二次维护计划监测'),(9,'1','2014-06-30','北京第二次维护计划监测','北京第二次维护计划监测'),(12,'1','2014-05-30','信阳市五月计划','信阳市五月计划'),(13,'1','2014-05-06','2014/5/2','2014/5/2'),(14,'1','2014-05-06','HEHEHEHEHEHE','HEEHEHEHEHEHEHEH');

/*Table structure for table `elec_popedom` */

DROP TABLE IF EXISTS `elec_popedom`;

CREATE TABLE `elec_popedom` (
  `mid` varchar(255) NOT NULL,
  `pid` varchar(255) NOT NULL,
  `name` varchar(255) default NULL,
  `url` varchar(255) default NULL,
  `icon` varchar(255) default NULL,
  `target` varchar(255) default NULL,
  `isParent` bit(1) default NULL,
  `isMenu` bit(1) default NULL,
  PRIMARY KEY  (`mid`,`pid`)
) ENGINE=InnoDB DEFAULT CHARSET=utf8;

/*Data for the table `elec_popedom` */

insert  into `elec_popedom`(`mid`,`pid`,`name`,`url`,`icon`,`target`,`isParent`,`isMenu`) values ('aa','0','技术设施维护管理','','../images/MenuIcon/jishusheshiweihuguanli.gif','','',''),('ab','aa','仪器设备管理','../equapment/elecEquapmentAction_home.do','../images/MenuIcon/yiqishebeiguanli.gif','mainFrame','\0',''),('ac','aa','设备校准检修','../equapment/elecAdjustAction_home.do','../images/MenuIcon/shebeijiaozhunjianxiu.gif','mainFrame','\0',''),('ad','aa','设备购置计划','../equapment/elecDevPlanAction_home.do','../images/MenuIcon/shebeigouzhijihua.gif','mainFrame','\0',''),('ae','0','技术资料图纸管理','','../images/MenuIcon/jishuziliaotuzhiguanli.gif','','',''),('af','ae','资料图纸管理','../dataChart/elecDataChartAction_home.do','../images/MenuIcon/ziliaotuzhiguanli.gif','mainFrame','\0',''),('ag','0','站点设备运行管理','','../images/MenuIcon/zhuandianshebeiyunxingguanli.gif','','',''),('ah','ag','站点基本信息','../station/elecStationAction_home.do','../images/MenuIcon/zhandianjibenxinxi.gif','mainFrame','\0',''),('ai','ag','运行情况','../station/elecBugAction_home.do','../images/MenuIcon/yunxingqingkuang.gif','mainFrame','\0',''),('aj','ag','维护情况','../station/elecPlanAction_home.do','../images/MenuIcon/weihuqingkuang.gif','mainFrame','\0',''),('ak','0','监测台建筑管理','','../images/MenuIcon/jiancetaijianzhuguanli.gif','','',''),('al','ak','监测台建筑管理','../building/elecBuildingAction_home.do','../images/MenuIcon/jiancetaijianzhu.gif','mainFrame','\0',''),('am','0','系统管理','','../images/MenuIcon/xitongguanli.gif','','',''),('an','am','用户管理','../system/elecUserAction_home.do','../images/MenuIcon/yonghuguanli.gif','mainFrame','\0',''),('ao','am','角色管理','../system/elecRoleAction_home.do','../images/MenuIcon/jueseguanli.gif','mainFrame','\0',''),('ap','am','运行监控','../system/elecCommonMsgAction_home.do','../images/MenuIcon/daibanshiyi.gif','mainFrame','\0',''),('aq','am','数据字典维护','../system/elecSystemDDLAction_home.do','../images/MenuIcon/shujuzidianguanli.gif','mainFrame','\0',''),('ar','0','审批流转','','../images/MenuIcon/shenpiliuzhuanguanli.gif','','',''),('as','ar','审批流程管理','../workflow/elecProcessDefinitionAction_home.do','../images/MenuIcon/shenpiliuchengguanli.gif','mainFrame','\0',''),('at','ar','申请模板管理','../workflow/elecApplicationTemplateAction_home.do','../images/MenuIcon/shenqingmobanguanli.gif','mainFrame','\0',''),('au','ar','起草申请','../workflow/elecApplicationFlowAction_home.do','../images/MenuIcon/qicaoshenqing.gif','mainFrame','\0',''),('av','ar','待我审批','../workflow/elecApplicationFlowAction_myTaskHome.do','../images/MenuIcon/daiwoshenpi.gif','mainFrame','\0',''),('aw','ar','我的申请查询','../workflow/elecApplicationFlowAction_myApplicationHome.do','../images/MenuIcon/wodeshenqingchaxun.gif','mainFrame','\0',''),('ba','0','系统登录','','','','','\0'),('bb','ba','首页显示','/system/elecMenuAction_menuHome.do','','','\0','\0'),('bc','ba','标题','/system/elecMenuAction_title.do','','','\0','\0'),('bd','ba','菜单','/system/elecMenuAction_left.do','','','\0','\0'),('be','ba','加载左侧树型结构','/system/elecMenuAction_showMenu.do','','','\0','\0'),('bf','ba','改变框架','../system/elecMenuAction_change.do','','','\0','\0'),('bg','ba','加载主显示页面','../system/elecMenuAction_loading.do','','','\0','\0'),('bh','ba','站点运行','../system/elecMenuAction_alermStation.do','','','\0','\0'),('bi','ba','设备运行','../system/elecMenuAction_alermDevice.do','','','\0','\0'),('bj','ba','重新登录','../system/elecMenuAction_logout.do','','','\0','\0'),('ca','0','运行监控','','','','','\0'),('cb','ca','保存','/system/elecCommonMsgAction_save.do','','','\0','\0'),('cc','ca','ajax进度条','/system/elecCommonMsgAction_progressBar.do','','','\0','\0'),('da','0','导出设置','','','','','\0'),('db','da','导出设置设置','/system/elecExportFieldsAction_setExportExcel.do','','','\0','\0'),('dc','da','导出设置保存','/system/elecExportFieldsAction_saveSetExportExcel.do','','','\0','\0'),('ea','0','数据字典','','','','','\0'),('eb','ea','编辑','/system/elecSystemDDLAction_edit.do','','','\0','\0'),('ec','ea','保存','/system/elecSystemDDLAction_save.do','','','\0','\0'),('fa','0','用户管理','','','','','\0'),('fb','fa','新增','/system/elecUserAction_add.do','','','\0','\0'),('fc','fa','保存','/system/elecUserAction_save.do','','','\0','\0'),('fd','fa','编辑','/system/elecUserAction_edit.do','','','\0','\0'),('fe','fa','删除','/system/elecUserAction_delete.do','','','\0','\0'),('ff','fa','验证登录名','/system/elecUserAction_checkUser.do','','','\0','\0'),('fg','fa','导出excel','/system/elecUserAction_exportExcel.do','','','\0','\0'),('fh','fa','excel导入页面','/system/elecUserAction_importPage.do','','','\0','\0'),('fi','fa','excel导入','/system/elecUserAction_importData.do','','','\0','\0'),('fj','fa','人员统计(单位)','/system/elecUserAction_chartUser.do','','','\0','\0'),('fk','fa','人员统计(性别)','/system/elecUserAction_chartUserFCF.do','','','\0','\0'),('fl','fa','联动查询单位名称','/system/elecUserAction_findJctUnit.do','','','\0','\0'),('ga','0','角色管理','','','','','\0'),('gb','ga','编辑','/system/elecRoleAction_edit.do','','','\0','\0'),('gc','ga','保存','/system/elecRoleAction_save.do','','','\0','\0'),('ha','0','申请流程管理','','','','','\0'),('hb','ha','部署流程定义','/workflow/elecProcessDefinitionAction_add.do','','','\0','\0'),('hc','ha','保存','/workflow/elecProcessDefinitionAction_save.do','','','\0','\0'),('hd','ha','查看流程图','/workflow/elecProcessDefinitionAction_downloadProcessImage.do','','','\0','\0'),('he','ha','删除流程定义','/workflow/elecProcessDefinitionAction_delete.do','','','\0','\0'),('ia','0','申请模板管理','','','','','\0'),('ib','ia','新增','/workflow/elecApplicationTemplateAction_add.do','','','\0','\0'),('ic','ia','新增保存','/workflow/elecApplicationTemplateAction_save.do','','','\0','\0'),('id','ia','编辑','/workflow/elecApplicationTemplateAction_edit.do','','','\0','\0'),('ie','ia','编辑保存','/workflow/elecApplicationTemplateAction_update.do','','','\0','\0'),('if','ia','删除','/workflow/elecApplicationTemplateAction_delete.do','','','\0','\0'),('ig','ia','下载','/workflow/elecApplicationTemplateAction_download.do','','','\0','\0'),('ja','0','申请流程管理','','','','','\0'),('jb','ja','提交申请页面','/workflow/elecApplicationFlowAction_submitApplication.do','','','\0','\0'),('jc','ja','提交申请','/workflow/elecApplicationFlowAction_saveApplication.do','','','\0','\0'),('jd','ja','我的申请查询首页','/workflow/elecApplicationFlowAction_myApplicationHome.do','','','\0','\0'),('je','ja','待我审批首页','/workflow/elecApplicationFlowAction_myTaskHome.do','','','\0','\0'),('jf','ja','跳转审批处理页面','/workflow/elecApplicationFlowAction_flowApprove.do','','','\0','\0'),('jg','ja','下载','/workflow/elecApplicationFlowAction_download.do','','','\0','\0'),('jh','ja','审核','/workflow/elecApplicationFlowAction_approve.do','','','\0','\0'),('ji','ja','审核历史','/workflow/elecApplicationFlowAction_approvedHistory.do','','','\0','\0'),('jj','ja','查看流程图','/workflow/elecApplicationFlowAction_approvedHistoryPic.do','','','\0','\0'),('jk','ja','查看流程执行位置图片','/workflow/elecApplicationFlowAction_processImage.do','','','\0','\0');

/*Table structure for table `elec_repair` */

DROP TABLE IF EXISTS `elec_repair`;

CREATE TABLE `elec_repair` (
  `repairID` int(11) NOT NULL,
  `equapmentID` int(11) default NULL,
  `jctID` varchar(255) default NULL,
  `devName` varchar(255) default NULL,
  `overhaulPeriod` varchar(255) default NULL,
  `opunit` varchar(255) default NULL,
  `useDate` date default NULL,
  `devType` varchar(255) default NULL,
  `startDate` date default NULL,
  `isHaving` varchar(255) default NULL,
  `comment` varchar(255) default NULL,
  `record` varchar(255) default NULL,
  PRIMARY KEY  (`repairID`)
) ENGINE=InnoDB DEFAULT CHARSET=utf8;

/*Data for the table `elec_repair` */

insert  into `elec_repair`(`repairID`,`equapmentID`,`jctID`,`devName`,`overhaulPeriod`,`opunit`,`useDate`,`devType`,`startDate`,`isHaving`,`comment`,`record`) values (5,10,'3','西部数据','4','月','2014-05-04','3','2014-05-05','2','111','555'),(6,1,'4','usb电脑连接接口','5','日','2014-05-04','2','2014-05-05','2','好好地活下去吧','非常'),(7,2,'1','笔记本电脑','3','日','2014-05-04','2','2014-05-05','2','好好地活下去吧','非常'),(8,3,'4','Iphone4','5','日','2014-05-04','3','2014-05-05','2','好好地活下去吧','非常'),(9,4,'1','word2007','5','日','2014-05-04','5','2014-05-05','2','好好地活下去吧','非常'),(10,5,'1','电视机','5','日','2014-05-04','6','2014-05-05','2','好好地活下去吧','非常'),(11,6,'1','office','5','日','2014-05-04','5','2014-05-05','2','好好地活下去吧','非常'),(13,8,'3','戴尔','6','月','2014-05-04','3','2014-05-05','2','好好地活下去吧','非常'),(14,9,'4','东芝','5','月','2014-05-04','3','2014-05-05','2','好好地活下去吧','非常'),(15,10,'3','西部数据','4','月','2014-05-04','3','2014-05-05','2','好好地活下去吧','非常'),(16,11,'4','避雷针','5','月','2014-05-04','4','2014-05-05','2','好好地活下去吧','非常'),(17,12,'1','笔记本电脑','3','日','2014-05-04','2','2014-05-05','2','好好地活下去吧','非常'),(18,3,NULL,NULL,NULL,NULL,NULL,NULL,'2014-05-05','0','日子','我该怎么办');

/*Table structure for table `elec_role` */

DROP TABLE IF EXISTS `elec_role`;

CREATE TABLE `elec_role` (
  `roleID` varchar(255) NOT NULL,
  `roleName` varchar(255) default NULL,
  PRIMARY KEY  (`roleID`)
) ENGINE=InnoDB DEFAULT CHARSET=utf8;

/*Data for the table `elec_role` */

insert  into `elec_role`(`roleID`,`roleName`) values ('1','系统管理员'),('2','高级管理员'),('3','中级管理员'),('4','业务用户'),('5','一般用户'),('6','普通用户');

/*Table structure for table `elec_role_popedom` */

DROP TABLE IF EXISTS `elec_role_popedom`;

CREATE TABLE `elec_role_popedom` (
  `roleID` varchar(255) NOT NULL,
  `mid` varchar(255) NOT NULL,
  `pid` varchar(255) NOT NULL,
  PRIMARY KEY  (`roleID`,`mid`,`pid`)
) ENGINE=InnoDB DEFAULT CHARSET=utf8;

/*Data for the table `elec_role_popedom` */

insert  into `elec_role_popedom`(`roleID`,`mid`,`pid`) values ('1','aa','0'),('1','ab','aa'),('1','ac','aa'),('1','ad','aa'),('1','ae','0'),('1','af','ae'),('1','ag','0'),('1','ah','ag'),('1','ai','ag'),('1','aj','ag'),('1','ak','0'),('1','al','ak'),('1','am','0'),('1','an','am'),('1','ao','am'),('1','ap','am'),('1','aq','am'),('1','ar','0'),('1','as','ar'),('1','at','ar'),('1','au','ar'),('1','av','ar'),('1','aw','ar'),('1','ba','0'),('1','bb','ba'),('1','bc','ba'),('1','bd','ba'),('1','be','ba'),('1','bf','ba'),('1','bg','ba'),('1','bh','ba'),('1','bi','ba'),('1','bj','ba'),('1','ca','0'),('1','cb','ca'),('1','cc','ca'),('1','da','0'),('1','db','da'),('1','dc','da'),('1','ea','0'),('1','eb','ea'),('1','ec','ea'),('1','fa','0'),('1','fb','fa'),('1','fc','fa'),('1','fd','fa'),('1','fe','fa'),('1','ff','fa'),('1','fg','fa'),('1','fh','fa'),('1','fi','fa'),('1','fj','fa'),('1','fk','fa'),('1','fl','fa'),('1','ga','0'),('1','gb','ga'),('1','gc','ga'),('1','ha','0'),('1','hb','ha'),('1','hc','ha'),('1','hd','ha'),('1','he','ha'),('1','ia','0'),('1','ib','ia'),('1','ic','ia'),('1','id','ia'),('1','ie','ia'),('1','if','ia'),('1','ig','ia'),('1','ja','0'),('1','jb','ja'),('1','jc','ja'),('1','jd','ja'),('1','je','ja'),('1','jf','ja'),('1','jg','ja'),('1','jh','ja'),('1','ji','ja'),('1','jj','ja'),('1','jk','ja'),('6','am','0'),('6','an','am'),('6','ao','am'),('6','ap','am'),('6','ar','0'),('6','at','ar'),('6','au','ar'),('6','av','ar'),('6','aw','ar'),('6','ba','0'),('6','bb','ba'),('6','bc','ba'),('6','bd','ba'),('6','be','ba'),('6','bf','ba'),('6','bg','ba'),('6','bh','ba'),('6','bi','ba'),('6','bj','ba'),('6','ca','0'),('6','cb','ca'),('6','cc','ca'),('6','da','0'),('6','db','da'),('6','dc','da'),('6','ia','0'),('6','ib','ia'),('6','ic','ia'),('6','id','ia'),('6','ie','ia'),('6','if','ia'),('6','ig','ia'),('6','ja','0'),('6','jb','ja'),('6','jc','ja'),('6','jd','ja'),('6','je','ja'),('6','jf','ja'),('6','jg','ja'),('6','jh','ja'),('6','ji','ja'),('6','jj','ja'),('6','jk','ja');

/*Table structure for table `elec_station` */

DROP TABLE IF EXISTS `elec_station`;

CREATE TABLE `elec_station` (
  `stationID` int(11) NOT NULL,
  `jctID` varchar(255) default NULL,
  `stationName` varchar(255) default NULL,
  `stationCode` varchar(255) default NULL,
  `useStartDate` date default NULL,
  `jcfrequency` varchar(255) default NULL,
  `produceHome` varchar(255) default NULL,
  `contactType` varchar(255) default NULL,
  `stationType` varchar(255) default NULL,
  `attributionGround` varchar(255) default NULL,
  `comment` varchar(255) default NULL,
  PRIMARY KEY  (`stationID`)
) ENGINE=InnoDB DEFAULT CHARSET=utf8;

/*Data for the table `elec_station` */

insert  into `elec_station`(`stationID`,`jctID`,`stationName`,`stationCode`,`useStartDate`,`jcfrequency`,`produceHome`,`contactType`,`stationType`,`attributionGround`,`comment`) values (1,'1','电机','1001','2014-05-30','河南工业大学','河南省郑州市','18639012025','1','河南省','站点信息添加数据'),(2,'4','电机','1002','2014-05-30','河南农业大学','河南省郑州市','18639012025','2','河南省','测试数据农业大学'),(3,'2','电机','1003','2014-05-30','上海浦东','上海市','18639012025','3','上海市','上海电站测试点'),(4,'3','电机','1004','2014-05-30','广东','广东深圳','13939735338','1','广东省','广东省测试数据'),(5,'1','电机','1005','2014-05-30','北京传智播客','itcast','13938481120','1','北京市','北京市培训机构'),(6,'1','电机','1006','2014-05-30','北京回龙观','北京豫西','18639012025','1','北京市','北京市测试点'),(7,'4','电机','1007','2014-05-30','信阳博爱医院','信阳博爱医院','13938481120','2','河南省信阳市','河南省信阳市测试点'),(8,'4','电机','1008','2014-05-30','河南省','信阳协和医院','18639012025','2','河南省信阳市','河南省信阳市颐和医院'),(10,'2','电机','1010','2014-05-30','上海市','上海市','13939735338','2','上海市','上海市第一呃呃呃');

/*Table structure for table `elec_systemddl` */

DROP TABLE IF EXISTS `elec_systemddl`;

CREATE TABLE `elec_systemddl` (
  `seqID` int(11) NOT NULL,
  `keyword` varchar(255) default NULL,
  `ddlCode` int(11) default NULL,
  `ddlName` varchar(255) default NULL,
  PRIMARY KEY  (`seqID`)
) ENGINE=InnoDB DEFAULT CHARSET=utf8;

/*Data for the table `elec_systemddl` */

insert  into `elec_systemddl`(`seqID`,`keyword`,`ddlCode`,`ddlName`) values (1,'性别',1,'男'),(2,'性别',2,'女'),(3,'是否在职',1,'是'),(4,'是否在职',2,'否'),(14,'审核状态',1,'审核中'),(15,'审核状态',2,'审核不通过'),(16,'审核状态',3,'审核通过'),(17,'图纸类别',1,'国内图书'),(18,'图纸类别',2,'国外图书'),(54,'上海',1,'上海浦东电力公司'),(55,'上海',2,'上海闸北电力公司'),(56,'上海',3,'上海徐汇电力公司'),(57,'深圳',1,'深圳福田电力公司'),(58,'深圳',2,'深圳龙岗电力公司'),(59,'深圳',3,'深圳南山电力公司'),(60,'职位',1,'总经理'),(61,'职位',2,'部门经理'),(62,'职位',3,'员工'),(63,'职位',4,'系统管理员'),(68,'所属单位',1,'北京'),(69,'所属单位',2,'上海'),(70,'所属单位',3,'深圳'),(71,'所属单位',4,'信阳'),(72,'北京',1,'北京昌平电力公司'),(73,'北京',2,'北京海淀电力公司'),(74,'北京',3,'北京西城电力公司'),(75,'北京',4,'北京传智播客培训机构'),(76,'建筑类型',1,'基建'),(77,'建筑类型',2,'基改'),(78,'建筑类型',3,'生活用房'),(79,'建筑类型',4,'道路'),(84,'站点类别',1,'国内'),(85,'站点类别',2,'国内遥控站'),(86,'站点类别',3,'国内采集点'),(87,'站点类别',4,'国外'),(88,'站点类别',5,'海外遥控站'),(89,'故障类型',1,'工控机'),(90,'故障类型',2,'接收机'),(91,'故障类型',3,'通讯'),(92,'故障类型',4,'供电'),(93,'故障类型',5,'电机'),(94,'故障类型',6,'测量板卡'),(95,'故障类型',7,'设备'),(96,'故障类型',8,'网络'),(97,'设备类型',1,'电力设备'),(98,'设备类型',2,'电机设备'),(99,'设备类型',3,'通讯设备'),(100,'设备类型',4,'防雷设备'),(101,'设备类型',5,'办公设备'),(102,'设备类型',6,'电视机房设备'),(103,'设备类型',7,'发电机房设备'),(104,'设备状态',1,'正常'),(105,'设备状态',2,'检修'),(106,'设备状态',3,'维修'),(108,'校准状态',1,'未校准'),(109,'校准状态',2,'已校准'),(110,'检修状态',1,'未检修'),(111,'检修状态',2,'已检修');

/*Table structure for table `elec_text` */

DROP TABLE IF EXISTS `elec_text`;

CREATE TABLE `elec_text` (
  `textID` varchar(255) NOT NULL,
  `textName` varchar(255) default NULL,
  `textDate` date default NULL,
  `textRemark` varchar(255) default NULL,
  PRIMARY KEY  (`textID`)
) ENGINE=InnoDB DEFAULT CHARSET=utf8;

/*Data for the table `elec_text` */

insert  into `elec_text`(`textID`,`textName`,`textDate`,`textRemark`) values ('297ed2a2457eef2a01457ef0fb2a0002','111','2014-04-20','222'),('297ed2a2457f0a1501457f1d38060001','','2014-04-20',''),('297ed2a2457f0a1501457f242f6d0002','','2014-04-20','');

/*Table structure for table `elec_user` */

DROP TABLE IF EXISTS `elec_user`;

CREATE TABLE `elec_user` (
  `userID` varchar(255) NOT NULL,
  `jctID` varchar(255) default NULL,
  `jctUnitID` varchar(255) default NULL,
  `userName` varchar(255) default NULL,
  `logonName` varchar(255) default NULL,
  `logonPwd` varchar(255) default NULL,
  `sexID` varchar(255) default NULL,
  `birthday` date default NULL,
  `address` varchar(255) default NULL,
  `contactTel` varchar(255) default NULL,
  `email` varchar(255) default NULL,
  `mobile` varchar(255) default NULL,
  `isDuty` varchar(255) default NULL,
  `postID` varchar(255) default NULL,
  `onDutyDate` date default NULL,
  `offDutyDate` date default NULL,
  `remark` varchar(255) default NULL,
  PRIMARY KEY  (`userID`)
) ENGINE=InnoDB DEFAULT CHARSET=utf8;

/*Data for the table `elec_user` */

insert  into `elec_user`(`userID`,`jctID`,`jctUnitID`,`userName`,`logonName`,`logonPwd`,`sexID`,`birthday`,`address`,`contactTel`,`email`,`mobile`,`isDuty`,`postID`,`onDutyDate`,`offDutyDate`,`remark`) values ('40283f81458757b7014587588fa20001','3','1','010','010','202CB962AC59075B964B07152D234B70','2',NULL,'','','','','1','3','2014-04-22',NULL,''),('402881e43d8b1e28013d8b8ae5a10001','1','jctUnitID','超级管理员','admin','202CB962AC59075B964B07152D234B70','1',NULL,'','','','','1','4','2014-04-21','2014-04-21',''),('8aa50bc745837e920145838045430001','1','1','甘亮','gl','202CB962AC59075B964B07152D234B70','1',NULL,'','','','','1','1','2014-04-21',NULL,''),('8aa50bc745837e9201458384d22f0002','1','1','001','001','202CB962AC59075B964B07152D234B70','1','2014-04-21','','','','','1','3','2014-04-21',NULL,''),('8aa50bc7458399880145839fe3420001','1','1','003','003','202CB962AC59075B964B07152D234B70','1',NULL,'','','','13939735338','1','3','2014-04-21','2014-04-21',''),('8aa50bc74583a0b1014583a1cbae0001','3','1','004','004','202CB962AC59075B964B07152D234B70','1',NULL,'','','','18639012025','1','3','2014-04-21',NULL,''),('8aa50bc74583a0b1014583a64b450002','2','1','002','002','202CB962AC59075B964B07152D234B70','2',NULL,'','','','15652353061','1','3','2014-04-21',NULL,''),('8aa50bc74583a0b1014583c7583d0003','2','1','005','005','202CB962AC59075B964B07152D234B70','2',NULL,'','','','18639012025','1','3','2014-04-21',NULL,''),('8aa50bc74583a0b1014583c7bc0f0004','2','1','006','006','202CB962AC59075B964B07152D234B70','2',NULL,'','','','18639012025','1','3','2014-04-21',NULL,''),('8aa50bc74583a0b1014583c8db6a0007','3','1','009','009','202CB962AC59075B964B07152D234B70','2',NULL,'','','','18639012025','1','3','2014-04-21',NULL,''),('8aa50bc74584be1a014584d8c7870001','1','1','007','007','202CB962AC59075B964B07152D234B70','2',NULL,'','','','','1','3','2014-04-21',NULL,''),('8aa50bc74584be1a014584d915aa0002','1','1','008','008','202CB962AC59075B964B07152D234B70','2',NULL,'','','','','1','3','2014-04-21',NULL,'');

/*Table structure for table `elec_user_role` */

DROP TABLE IF EXISTS `elec_user_role`;

CREATE TABLE `elec_user_role` (
  `userID` varchar(255) NOT NULL,
  `roleID` varchar(255) NOT NULL,
  PRIMARY KEY  (`roleID`,`userID`),
  KEY `FK14CB98303172B4CE` (`roleID`),
  KEY `FK14CB983036C80A38` (`userID`),
  CONSTRAINT `FK14CB98303172B4CE` FOREIGN KEY (`roleID`) REFERENCES `elec_role` (`roleID`),
  CONSTRAINT `FK14CB983036C80A38` FOREIGN KEY (`userID`) REFERENCES `elec_user` (`userID`)
) ENGINE=InnoDB DEFAULT CHARSET=utf8;

/*Data for the table `elec_user_role` */

insert  into `elec_user_role`(`userID`,`roleID`) values ('402881e43d8b1e28013d8b8ae5a10001','1'),('8aa50bc745837e920145838045430001','6');

/*Table structure for table `jbpm4_deployment` */

DROP TABLE IF EXISTS `jbpm4_deployment`;

CREATE TABLE `jbpm4_deployment` (
  `DBID_` bigint(20) NOT NULL,
  `NAME_` longtext,
  `TIMESTAMP_` bigint(20) default NULL,
  `STATE_` varchar(255) default NULL,
  PRIMARY KEY  (`DBID_`)
) ENGINE=InnoDB DEFAULT CHARSET=utf8;

/*Data for the table `jbpm4_deployment` */

insert  into `jbpm4_deployment`(`DBID_`,`NAME_`,`TIMESTAMP_`,`STATE_`) values (1,NULL,0,'active'),(8,NULL,0,'active');

/*Table structure for table `jbpm4_deployprop` */

DROP TABLE IF EXISTS `jbpm4_deployprop`;

CREATE TABLE `jbpm4_deployprop` (
  `DBID_` bigint(20) NOT NULL,
  `DEPLOYMENT_` bigint(20) default NULL,
  `OBJNAME_` varchar(255) default NULL,
  `KEY_` varchar(255) default NULL,
  `STRINGVAL_` varchar(255) default NULL,
  `LONGVAL_` bigint(20) default NULL,
  PRIMARY KEY  (`DBID_`),
  KEY `FK_DEPLPROP_DEPL` (`DEPLOYMENT_`),
  KEY `IDX_DEPLPROP_DEPL` (`DEPLOYMENT_`),
  CONSTRAINT `FK_DEPLPROP_DEPL` FOREIGN KEY (`DEPLOYMENT_`) REFERENCES `jbpm4_deployment` (`DBID_`)
) ENGINE=InnoDB DEFAULT CHARSET=utf8;

/*Data for the table `jbpm4_deployprop` */

insert  into `jbpm4_deployprop`(`DBID_`,`DEPLOYMENT_`,`OBJNAME_`,`KEY_`,`STRINGVAL_`,`LONGVAL_`) values (4,1,'设备费用报销','langid','jpdl-4.4',NULL),(5,1,'设备费用报销','pdid','设备费用报销-1',NULL),(6,1,'设备费用报销','pdkey','设备费用报销',NULL),(7,1,'设备费用报销','pdversion',NULL,1),(11,8,'设备购置计划','langid','jpdl-4.4',NULL),(12,8,'设备购置计划','pdid','设备购置计划-1',NULL),(13,8,'设备购置计划','pdkey','设备购置计划',NULL),(14,8,'设备购置计划','pdversion',NULL,1);

/*Table structure for table `jbpm4_execution` */

DROP TABLE IF EXISTS `jbpm4_execution`;

CREATE TABLE `jbpm4_execution` (
  `DBID_` bigint(20) NOT NULL,
  `CLASS_` varchar(255) NOT NULL,
  `DBVERSION_` int(11) NOT NULL,
  `ACTIVITYNAME_` varchar(255) default NULL,
  `PROCDEFID_` varchar(255) default NULL,
  `HASVARS_` bit(1) default NULL,
  `NAME_` varchar(255) default NULL,
  `KEY_` varchar(255) default NULL,
  `ID_` varchar(255) default NULL,
  `STATE_` varchar(255) default NULL,
  `SUSPHISTSTATE_` varchar(255) default NULL,
  `PRIORITY_` int(11) default NULL,
  `HISACTINST_` bigint(20) default NULL,
  `PARENT_` bigint(20) default NULL,
  `INSTANCE_` bigint(20) default NULL,
  `SUPEREXEC_` bigint(20) default NULL,
  `SUBPROCINST_` bigint(20) default NULL,
  `PARENT_IDX_` int(11) default NULL,
  PRIMARY KEY  (`DBID_`),
  UNIQUE KEY `ID_` (`ID_`),
  KEY `FK_EXEC_SUBPI` (`SUBPROCINST_`),
  KEY `FK_EXEC_INSTANCE` (`INSTANCE_`),
  KEY `FK_EXEC_SUPEREXEC` (`SUPEREXEC_`),
  KEY `FK_EXEC_PARENT` (`PARENT_`),
  KEY `IDX_EXEC_SUBPI` (`SUBPROCINST_`),
  KEY `IDX_EXEC_PARENT` (`PARENT_`),
  KEY `IDX_EXEC_SUPEREXEC` (`SUPEREXEC_`),
  KEY `IDX_EXEC_INSTANCE` (`INSTANCE_`),
  CONSTRAINT `FK_EXEC_INSTANCE` FOREIGN KEY (`INSTANCE_`) REFERENCES `jbpm4_execution` (`DBID_`),
  CONSTRAINT `FK_EXEC_PARENT` FOREIGN KEY (`PARENT_`) REFERENCES `jbpm4_execution` (`DBID_`),
  CONSTRAINT `FK_EXEC_SUBPI` FOREIGN KEY (`SUBPROCINST_`) REFERENCES `jbpm4_execution` (`DBID_`),
  CONSTRAINT `FK_EXEC_SUPEREXEC` FOREIGN KEY (`SUPEREXEC_`) REFERENCES `jbpm4_execution` (`DBID_`)
) ENGINE=InnoDB DEFAULT CHARSET=utf8;

/*Data for the table `jbpm4_execution` */

/*Table structure for table `jbpm4_hist_actinst` */

DROP TABLE IF EXISTS `jbpm4_hist_actinst`;

CREATE TABLE `jbpm4_hist_actinst` (
  `DBID_` bigint(20) NOT NULL,
  `CLASS_` varchar(255) NOT NULL,
  `DBVERSION_` int(11) NOT NULL,
  `HPROCI_` bigint(20) default NULL,
  `TYPE_` varchar(255) default NULL,
  `EXECUTION_` varchar(255) default NULL,
  `ACTIVITY_NAME_` varchar(255) default NULL,
  `START_` datetime default NULL,
  `END_` datetime default NULL,
  `DURATION_` bigint(20) default NULL,
  `TRANSITION_` varchar(255) default NULL,
  `NEXTIDX_` int(11) default NULL,
  `HTASK_` bigint(20) default NULL,
  PRIMARY KEY  (`DBID_`),
  KEY `FK_HACTI_HPROCI` (`HPROCI_`),
  KEY `FK_HTI_HTASK` (`HTASK_`),
  KEY `IDX_HTI_HTASK` (`HTASK_`),
  KEY `IDX_HACTI_HPROCI` (`HPROCI_`),
  CONSTRAINT `FK_HACTI_HPROCI` FOREIGN KEY (`HPROCI_`) REFERENCES `jbpm4_hist_procinst` (`DBID_`),
  CONSTRAINT `FK_HTI_HTASK` FOREIGN KEY (`HTASK_`) REFERENCES `jbpm4_hist_task` (`DBID_`)
) ENGINE=InnoDB DEFAULT CHARSET=utf8;

/*Data for the table `jbpm4_hist_actinst` */

/*Table structure for table `jbpm4_hist_detail` */

DROP TABLE IF EXISTS `jbpm4_hist_detail`;

CREATE TABLE `jbpm4_hist_detail` (
  `DBID_` bigint(20) NOT NULL,
  `CLASS_` varchar(255) NOT NULL,
  `DBVERSION_` int(11) NOT NULL,
  `USERID_` varchar(255) default NULL,
  `TIME_` datetime default NULL,
  `HPROCI_` bigint(20) default NULL,
  `HPROCIIDX_` int(11) default NULL,
  `HACTI_` bigint(20) default NULL,
  `HACTIIDX_` int(11) default NULL,
  `HTASK_` bigint(20) default NULL,
  `HTASKIDX_` int(11) default NULL,
  `HVAR_` bigint(20) default NULL,
  `HVARIDX_` int(11) default NULL,
  `MESSAGE_` longtext,
  `OLD_STR_` varchar(255) default NULL,
  `NEW_STR_` varchar(255) default NULL,
  `OLD_INT_` int(11) default NULL,
  `NEW_INT_` int(11) default NULL,
  `OLD_TIME_` datetime default NULL,
  `NEW_TIME_` datetime default NULL,
  `PARENT_` bigint(20) default NULL,
  `PARENT_IDX_` int(11) default NULL,
  PRIMARY KEY  (`DBID_`),
  KEY `FK_HDETAIL_HVAR` (`HVAR_`),
  KEY `FK_HDETAIL_HPROCI` (`HPROCI_`),
  KEY `FK_HDETAIL_HTASK` (`HTASK_`),
  KEY `FK_HDETAIL_HACTI` (`HACTI_`),
  KEY `IDX_HDET_HVAR` (`HVAR_`),
  KEY `IDX_HDET_HACTI` (`HACTI_`),
  KEY `IDX_HDET_HTASK` (`HTASK_`),
  KEY `IDX_HDET_HPROCI` (`HPROCI_`),
  CONSTRAINT `FK_HDETAIL_HACTI` FOREIGN KEY (`HACTI_`) REFERENCES `jbpm4_hist_actinst` (`DBID_`),
  CONSTRAINT `FK_HDETAIL_HPROCI` FOREIGN KEY (`HPROCI_`) REFERENCES `jbpm4_hist_procinst` (`DBID_`),
  CONSTRAINT `FK_HDETAIL_HTASK` FOREIGN KEY (`HTASK_`) REFERENCES `jbpm4_hist_task` (`DBID_`),
  CONSTRAINT `FK_HDETAIL_HVAR` FOREIGN KEY (`HVAR_`) REFERENCES `jbpm4_hist_var` (`DBID_`)
) ENGINE=InnoDB DEFAULT CHARSET=utf8;

/*Data for the table `jbpm4_hist_detail` */

/*Table structure for table `jbpm4_hist_procinst` */

DROP TABLE IF EXISTS `jbpm4_hist_procinst`;

CREATE TABLE `jbpm4_hist_procinst` (
  `DBID_` bigint(20) NOT NULL,
  `DBVERSION_` int(11) NOT NULL,
  `ID_` varchar(255) default NULL,
  `PROCDEFID_` varchar(255) default NULL,
  `KEY_` varchar(255) default NULL,
  `START_` datetime default NULL,
  `END_` datetime default NULL,
  `DURATION_` bigint(20) default NULL,
  `STATE_` varchar(255) default NULL,
  `ENDACTIVITY_` varchar(255) default NULL,
  `NEXTIDX_` int(11) default NULL,
  PRIMARY KEY  (`DBID_`)
) ENGINE=InnoDB DEFAULT CHARSET=utf8;

/*Data for the table `jbpm4_hist_procinst` */

/*Table structure for table `jbpm4_hist_task` */

DROP TABLE IF EXISTS `jbpm4_hist_task`;

CREATE TABLE `jbpm4_hist_task` (
  `DBID_` bigint(20) NOT NULL,
  `DBVERSION_` int(11) NOT NULL,
  `EXECUTION_` varchar(255) default NULL,
  `OUTCOME_` varchar(255) default NULL,
  `ASSIGNEE_` varchar(255) default NULL,
  `PRIORITY_` int(11) default NULL,
  `STATE_` varchar(255) default NULL,
  `CREATE_` datetime default NULL,
  `END_` datetime default NULL,
  `DURATION_` bigint(20) default NULL,
  `NEXTIDX_` int(11) default NULL,
  `SUPERTASK_` bigint(20) default NULL,
  PRIMARY KEY  (`DBID_`),
  KEY `FK_HSUPERT_SUB` (`SUPERTASK_`),
  KEY `IDX_HSUPERT_SUB` (`SUPERTASK_`),
  CONSTRAINT `FK_HSUPERT_SUB` FOREIGN KEY (`SUPERTASK_`) REFERENCES `jbpm4_hist_task` (`DBID_`)
) ENGINE=InnoDB DEFAULT CHARSET=utf8;

/*Data for the table `jbpm4_hist_task` */

/*Table structure for table `jbpm4_hist_var` */

DROP TABLE IF EXISTS `jbpm4_hist_var`;

CREATE TABLE `jbpm4_hist_var` (
  `DBID_` bigint(20) NOT NULL,
  `DBVERSION_` int(11) NOT NULL,
  `PROCINSTID_` varchar(255) default NULL,
  `EXECUTIONID_` varchar(255) default NULL,
  `VARNAME_` varchar(255) default NULL,
  `VALUE_` varchar(255) default NULL,
  `HPROCI_` bigint(20) default NULL,
  `HTASK_` bigint(20) default NULL,
  PRIMARY KEY  (`DBID_`),
  KEY `FK_HVAR_HPROCI` (`HPROCI_`),
  KEY `FK_HVAR_HTASK` (`HTASK_`),
  KEY `IDX_HVAR_HTASK` (`HTASK_`),
  KEY `IDX_HVAR_HPROCI` (`HPROCI_`),
  CONSTRAINT `FK_HVAR_HPROCI` FOREIGN KEY (`HPROCI_`) REFERENCES `jbpm4_hist_procinst` (`DBID_`),
  CONSTRAINT `FK_HVAR_HTASK` FOREIGN KEY (`HTASK_`) REFERENCES `jbpm4_hist_task` (`DBID_`)
) ENGINE=InnoDB DEFAULT CHARSET=utf8;

/*Data for the table `jbpm4_hist_var` */

/*Table structure for table `jbpm4_id_group` */

DROP TABLE IF EXISTS `jbpm4_id_group`;

CREATE TABLE `jbpm4_id_group` (
  `DBID_` bigint(20) NOT NULL,
  `DBVERSION_` int(11) NOT NULL,
  `ID_` varchar(255) default NULL,
  `NAME_` varchar(255) default NULL,
  `TYPE_` varchar(255) default NULL,
  `PARENT_` bigint(20) default NULL,
  PRIMARY KEY  (`DBID_`),
  KEY `FK_GROUP_PARENT` (`PARENT_`),
  KEY `IDX_GROUP_PARENT` (`PARENT_`),
  CONSTRAINT `FK_GROUP_PARENT` FOREIGN KEY (`PARENT_`) REFERENCES `jbpm4_id_group` (`DBID_`)
) ENGINE=InnoDB DEFAULT CHARSET=utf8;

/*Data for the table `jbpm4_id_group` */

/*Table structure for table `jbpm4_id_membership` */

DROP TABLE IF EXISTS `jbpm4_id_membership`;

CREATE TABLE `jbpm4_id_membership` (
  `DBID_` bigint(20) NOT NULL,
  `DBVERSION_` int(11) NOT NULL,
  `USER_` bigint(20) default NULL,
  `GROUP_` bigint(20) default NULL,
  `NAME_` varchar(255) default NULL,
  PRIMARY KEY  (`DBID_`),
  KEY `FK_MEM_GROUP` (`GROUP_`),
  KEY `FK_MEM_USER` (`USER_`),
  KEY `IDX_MEM_GROUP` (`GROUP_`),
  KEY `IDX_MEM_USER` (`USER_`),
  CONSTRAINT `FK_MEM_GROUP` FOREIGN KEY (`GROUP_`) REFERENCES `jbpm4_id_group` (`DBID_`),
  CONSTRAINT `FK_MEM_USER` FOREIGN KEY (`USER_`) REFERENCES `jbpm4_id_user` (`DBID_`)
) ENGINE=InnoDB DEFAULT CHARSET=utf8;

/*Data for the table `jbpm4_id_membership` */

/*Table structure for table `jbpm4_id_user` */

DROP TABLE IF EXISTS `jbpm4_id_user`;

CREATE TABLE `jbpm4_id_user` (
  `DBID_` bigint(20) NOT NULL,
  `DBVERSION_` int(11) NOT NULL,
  `ID_` varchar(255) default NULL,
  `PASSWORD_` varchar(255) default NULL,
  `GIVENNAME_` varchar(255) default NULL,
  `FAMILYNAME_` varchar(255) default NULL,
  `BUSINESSEMAIL_` varchar(255) default NULL,
  PRIMARY KEY  (`DBID_`)
) ENGINE=InnoDB DEFAULT CHARSET=utf8;

/*Data for the table `jbpm4_id_user` */

/*Table structure for table `jbpm4_job` */

DROP TABLE IF EXISTS `jbpm4_job`;

CREATE TABLE `jbpm4_job` (
  `DBID_` bigint(20) NOT NULL,
  `CLASS_` varchar(255) NOT NULL,
  `DBVERSION_` int(11) NOT NULL,
  `DUEDATE_` datetime default NULL,
  `STATE_` varchar(255) default NULL,
  `ISEXCLUSIVE_` bit(1) default NULL,
  `LOCKOWNER_` varchar(255) default NULL,
  `LOCKEXPTIME_` datetime default NULL,
  `EXCEPTION_` longtext,
  `RETRIES_` int(11) default NULL,
  `PROCESSINSTANCE_` bigint(20) default NULL,
  `EXECUTION_` bigint(20) default NULL,
  `CFG_` bigint(20) default NULL,
  `SIGNAL_` varchar(255) default NULL,
  `EVENT_` varchar(255) default NULL,
  `REPEAT_` varchar(255) default NULL,
  PRIMARY KEY  (`DBID_`),
  KEY `FK_JOB_CFG` (`CFG_`),
  KEY `IDX_JOBRETRIES` (`RETRIES_`),
  KEY `IDX_JOBDUEDATE` (`DUEDATE_`),
  KEY `IDX_JOBLOCKEXP` (`LOCKEXPTIME_`),
  KEY `IDX_JOB_CFG` (`CFG_`),
  KEY `IDX_JOB_EXE` (`EXECUTION_`),
  KEY `IDX_JOB_PRINST` (`PROCESSINSTANCE_`),
  CONSTRAINT `FK_JOB_CFG` FOREIGN KEY (`CFG_`) REFERENCES `jbpm4_lob` (`DBID_`)
) ENGINE=InnoDB DEFAULT CHARSET=utf8;

/*Data for the table `jbpm4_job` */

/*Table structure for table `jbpm4_lob` */

DROP TABLE IF EXISTS `jbpm4_lob`;

CREATE TABLE `jbpm4_lob` (
  `DBID_` bigint(20) NOT NULL,
  `DBVERSION_` int(11) NOT NULL,
  `BLOB_VALUE_` longblob,
  `DEPLOYMENT_` bigint(20) default NULL,
  `NAME_` longtext,
  PRIMARY KEY  (`DBID_`),
  KEY `FK_LOB_DEPLOYMENT` (`DEPLOYMENT_`),
  KEY `IDX_LOB_DEPLOYMENT` (`DEPLOYMENT_`),
  CONSTRAINT `FK_LOB_DEPLOYMENT` FOREIGN KEY (`DEPLOYMENT_`) REFERENCES `jbpm4_deployment` (`DBID_`)
) ENGINE=InnoDB DEFAULT CHARSET=utf8;

/*Data for the table `jbpm4_lob` */

insert  into `jbpm4_lob`(`DBID_`,`DBVERSION_`,`BLOB_VALUE_`,`DEPLOYMENT_`,`NAME_`) values (2,0,'PNG\r\n\Z\n\0\0\0\rIHDR\0\0\0\0\0\0\0g]po\0\01jIDATx}pS?_lۤ۝[ewvKw&ݹwӤMӦw۴in҄4[!N\ZHb\ZLx1*6@5~\rc[OzHgHGKћd\n\0\0Xҟ>\0\0\0\04\0\0E\0(\"\r\0Ei\0\0,H\0`QD\Z\0\0\"\0\0X\04\0\0E\0(\"\r\0Ei\0\0,H\0`QD\Z\0\0\"\0\0X\04\0\0E\0(\"\r\0Ei\0\0,H\0`QD\Z\0\0\"\0\0X\04\0\0E\0(\"\r\0Ei\0\0,H\0`QD\Z\0\0\"\0\0XIEjYYD\ZsJY\Z<666:::222<<<GE&+j\0D1G\"yr4xGM\rO\\?.CNYY(so``@VMH5\0\"Ⱥ<\rn}ܛd޿/AفU0,CNYY(\nZG.uuR\r4Kz||˞=9e_y3]6!+jlƞnUNdWt\ZKid*Ȋ{߳-(}ȸC6\rW;eWC:\r\r4%R^SG^\\=Ll(?<?;44DFVD\n-AB?3ZѳϬC:}BkOOD\ZY^[ϲБN?myN|Zv^@iOf/_~}/{S/tyd/*䊘Lp*\"\rʕ+{(t)61=wƎ\"&\0Hdj\Z=<<\\eя}g;vg^9v>tv,t\"tz\\\r|xɹ\nqBhx-|n\"&\0Hd@_Z\Zrs$S	/WKFNw^>yu׿<N\'˿x]4\0\"0Sd\Z,W׺u!<>	u`\nuZCK>\ZYBx:{}---L8Ǯr~{+o={L_Y5zqWN%5gB#/|:fȥ\\ww555^xQN}Ko\0&#0rtt/x#p,<\n5Dgx\nMhp\\__J4\0!0S0^㉺wwF:Y(?wևiM꒨ާ;r瓫+Ɉ4̤^{\'>oo;t~[Z:qhz۲rxu:j5e<3gթu\0`2\"\r3I):;;zJޒ\r>Ѣn	mKeyhZmlelh\nN?hnn+%\0HLё~i}-g߬nySfZ8K[ތޏiDj\"\r4݋?l.nJtWz<oVӅZ^gz7w-V\"})\"\r4w5]=SEĞ~Z=}sݑ|Z!2ފ:ާ#\0HLH?{մ~c/\Z~8\"^Z/ȧ\"/~>v]no`K%\0HL`7\'?]}KUWdz4EziUSdΪ7E(WJ-9м\'z|i)e&>9_|;\r:=>о^\ZwvB.%ܸk׻GL\08\"_WNc06>g×N/T`#4BK7\ruih\'/+++ZP\0Fa?ظxbc$5ΏW/9}rza?Z8?\0`D\ZfXr߳n3vw|^B?B?M_:v\'fhrhsMoYgϞG*8dF{ʕ@ ظۏkL 65zo[^;v4Zv.W!W$W4\Z#i,z2ꖼgܞfTgܱضm۾}ds\0H|j2=00=Z)q[̡\'dC\\v}[{=|Vv.W4\ZiOM/_vCg?[PL#-ȆogٕPv+;`\Z\r4Bf###.\\hjjxl+o=|qeYMVMw<m6CNdWC٭\\i4\0#\nݪc\r\r\rHVe{}WOr%-o:frBBHVd岷رc߾}Dv%;ݪ]1`D\Zi5778p`Ϟ=+[E+{|\'!\',d2ɳ,ȆDvEFE:=22\Z=*ݭܵkWEEw&\',dYMVMdC\\v\"\0\\H#T/_<00T__ȑzQ,dYMVMdC\\v^\0܀H#T\'&&\\2<</^2?>sLsة0uZE&+&l.;\0܃HcĤZ}}}===]]]qd\\$+jki̩HFGGGFFCqd\\$+jkiwɉfr:;L<zJIEjDG:Bc;LvQ0W\0!nHj&Lx]3#Oh@`f\08t6 66T;i\0G*HϤ#\Z/1I#\0HR)i:O8tʧ?L\0]%{\n:Y\')ibSM)))	/\0\"v5H\'\\`eR>=fiD]ip\Zx{4\0#6?yM\'r)0L񴴴<\0\rvdOJG/LQ3Og&]^^Аo\0@a	D\Z\0iXxD\ZPQQQ[[(\0Z4,*LQ\0iXxD\Z@ %xJG\0Ba	\r\r\r序\0H4\0#Ұ\"\r\04,q֭\0H~II\0\0k!Ұ\"\r\04,H@<\"\rKhoo/..}\0`-D\Z\\2磊t\0Xf6m.KKKu\0Xf.]U^b~\0K ЯPEz˖-<\r\0D\Z544,_\\EV\0UiXB~~D`bbB\0UiX޽{%һw} \0`!D\Z ܡ!\0B\0(\"\r\0Ei\0\0,H\0`QD\Z\0\0\"\0\0Xvɩ۞+[BƟ.ZǘX_.7c5FƂd\0GoxGY\\=i?ܰ5XDi<}xTBn+[nOd/N1f9ԍҞ\'\'>&\'u\0H;t\ZU_\ZО4g{_ۧn;oxLC\0iPݚS!kʂ̭O0va*4C{6\ZZ%@\0(D	.H>Xէ/$[{u?\08vDkjomuIo\0Amod,pSL3]`2\rDjR}l{\0 Ҷ\nC^ED19&ŭ+t?(\08=\Z\n30&ż%\n\0Amo04wjOCz\0 Ҷo \0LDmOEZ{jCCi#Җ\ZD\ZiK\r\"\rDD`\"\"m{DRH0=DzьWNg)7\"\rY0)oF!W\"\ritL#0	w~}f\"\r itL)\r2d&j3lDitR%3锳sH0=+D:gS>ݝif\0H۞HGOSH`wDG:ObD=\"㧻li4`.\"m{A8	\'\0H۞\"]d\\\'e,F \0EmO{=)0YG\r,4\0g#Ҷ=ҌAH \0LDmH[ji\0&\"ҶG-54\0i#Җ\ZD\ZiK\r\"\rDD`\"\"m{DRH0yK<RA}bPw\0 Ҷ \\P}K{3k~P\0p\"m{]O°>1b-\0HڪS{_ۧ=QX~P\0p\"m{%{t{D{\\>n+b6\n\0A6tsJyl<{a屠G\0 NPګ&Gjo;Gg`L{m)\0A⇿/y{G`p\nON~(\0p\"#cAY˶4w=CЪ2>=\0QsoYQ>zalg6Ы!\0i\\	شR/Vǫ/9-C6b\r LNNUoB~f{ُv{\'x\Z@igl/xs65K߰aUD\Z\0\0\"\0\0X\04\0\0ENNNNʋO$\\9Zג\nur<Rn\00F(av+Hgp]Si48\rȉ4\0\"2ŗrj6d{Yp4bHV?Ҍtyyyu\0Ur:h݄\'1Yxl&!\0 H@I8L8݌^?D}yES3tnIi%\0\0\0D:]jdLԥ12H\'`??`\"\r\01L\r61N%ft\'68p\0\0(Dz2t	wNS^WNLr5!\0@!3Y1UT8>\r/~{\"z[HyʣMy\0\0\0\"=3eJ?-2&ƑNw9Ȕ]C58\0\0@;Lcj|C+JgAB`64H@\"\r \0H*4\0 Ұ\n\"\r\014H@\"\r \0H*4\0 Ұ\n\"\r\014H@\"\r \0H*4\0 Ұ\n\"\r\014H@\"\r \0H*4\0 lʕ1yHA%ihiӦBo߾TA%ihvҥ\\U+V_>(\0\"\r\nUls\0A_CCUkkku\0X%K\n\n&&&t\0X%ݻW\"{n\0Ba	2\Z\Z} \0`!D\Z\0\0\"\0\0X\04\0\0E\0(\"\r\0Eiy򺅫*duǂrm+t72}p,\"}cOo=z\rsA?\0\"9웷ģqK^mu{\Z 0xytaPK{NDأ+8\0,D$֨Tʮրj4w>u}c\0H۞*T^,X\Zdn|\ZYyT%C\ZP8<\0 6vDUa]bȨ>%0=Rګ	\'\\W{t[z[i\ZI7]`2\r`]ՌM{17r,^1]-JWѠIα6kn]Q1]M1k-~\0=\"mW7|cP{C]@ciR_qŷ~Zsi\0 v\"FC;#\0lH \0LAH[yi\0 vez.\\	WBdqRLj)%\0#v5H\'Xne+_u9`qDڮLtKc26HwԠ	wn[H,\"mWVx;Ye/atoE\'\0Hە)N8L8݌^?D}yED:z	M$BEʬH<tjf2t\r\r1H2\"mWs3N>ys4w_h\Z%\0lHϤg\Z43t:=gi4`MDڮt&}9ji<cN\'jmk1D\Z-i\ZG:aV/Ic0\"aSH,\"mWs阆:e8Yg:5r_H,\"mW|w`\n\"mWDʃH0+\"mAH \0LAH[yi\0 vE<4\0Si#h$FP\0#v \\2P}K{Ck~\0=\"mW]OJ 1bƑsr_EciZ[uJJpk73nfǫ1]|YbD[yMci7{%?\\=Kx\'wʼ%cA\0GmWM\'z_ڪS\0H_p7?\\B哓\0HXP}k-\rr9*̤u~\\\0p\"m{[V殩<=W.[jYn/~D\0p\"#W?6K*P!*1`.\"Sۤ*j;~C0vD1\"<fqo:V\0H\0`QD\Z\0\0\"\0\0X\04\0\0E]999)/?phגp\'jaNWZm\\D\Z&Km_IXNŢz$:i\0sHdƟMaf׀AL+%\0F\nqw#\'bpeH<%DlhhR<\00F\n(6v	7gG,f \'<Oyyyi\0sHH\Z\'*aLIfGb|) Hu)u:\0&\"H!aǬcdg3tB\'b\r\r)\0GBfNy:fWiF:\n1+Mc,lhh(,,)uC\0itWHVЄiLk\Z|QSj\"\r`i_e鄥7Xho4\0l Ȯt<=$\\-aPf2ViX---\r\r\rciX#-FGG˙R\"\rKi\0Hl)\0Hi)5\0si\'O)Ut	R0~@@\"]PP@LԵiHO===]iH+EEE^W\0%\"\ri111QYYɔ\Z@4sv\02@\"=Ŕ\ZiH+LHC?WEz)5iH+LD;#=uuJ]XX(},\0HC?FZ)..ZKu\0k!V^oQQQdJ}ō7=*\0ziG)~2@\'\"\rt4RwʉG@\"\r%HEEEFGGest\'\"KJJJt%DYr%OzEvZ=>}ZqЀHC?\"-\rRSSSUU%Zn^qЀHC?\"\r\0	iG !\"\r4\0$D4#\0~D\Z\0\"ЏHONN<\\yU2t:FcA~hl:33iH\r=5K1u߱94sm=}xTZn+[nOd/N1F{iωȓ{tsu``ֈ42!M58kr<FZXi*jh\rhO3Fs཯S7읿7<fH#ƑI%fo.*LT6\rXWdn|\ZF1cʦ4fͲNiijI>Uhi9u4K	Oo=2G.eAaNҟFY^^^>c#*h/G.KHn^w;!\"vD:	#t\"s^\rsXN=n2D]-YqS[`0Q&	܎w-]`2\r[\"nlNlHwjb^|:w>	\"v3t8E\'ҋ<`U4hO{;6uE;vf6Otʙ{\"m7um>oGdH#E4_Oo\'ۭ{\"}7K0;UC@dHcf=s$\\qO7aD\ZH~nhm]dHC?\" @BD\Zi\"ЏHg6.\\	Wfp-	w.WK-;iGӯG Ɨ\Zt=a$ҀBN?)/I݌\"3k ^)biWSS#pAtqӼ\n0\'U4`HC*} Y7H\'.zɒln\"\rD#ЏH()OǴ D:?͞c1biGgip?g5хNdg4~DzQ4>)h0Ntz)D\Z ЏH(3mɒfݓ`biG3vʋbl鄥7XL iiGMtLbj\Z4~NN:WABD\ZiFV}iGD\ZHHC?\" @BD\Zi\"ЏH34~%EsǠnj]dHC?DzA~Ԣtnjm~w>	\"\r*++%^Wdw`>[Gm>w>	\"\r%\r\r\r$V`>rXNnE	G\"=>=(أ#qK^;OLiH;W5冱OnyK<ǂy D\Z*j2}\\9{tV}\"U?~)\r?̓*v^_>9.2E\"=2TŚlKCk@{Ϝ7d\n-3s݃p sD\Z-5xˊ25WIcK_=-m^w50+D\Z0bJǦՔz:^h|i	^n7sh8\0~8&V]QCp{\'x\Z@k#HNʎyy6%oؿ鰏O[I4sy \"\r4\0$D4#\0~[n%\0HC} \0`-D\ZrSTTT>\n\0iG#JKK},\0#ЏHf*4^egWKBZ1\0 \"\rtE:\'ӏ\'^OO@`i藥HG*fx&=::{n@y~\04K\'3-ht\rvk\Z][[+y\0;\"\r&tjoo/**\Z\ZU\0p\"\rRF:YqST`0QHKnZ\\\\i8~̤V6&ƹ\'&&^oaaaccxD\Ze#3f\0g薖see;lD\Zei&ldL3󞑞O\"\rVL7פӛLe\\TT$Y\ni藍I\',zI466z^>,iWPP Ets[nU\0LA\"-UBKu\0 ),,} \0HC?FZ}j|\n@6igHіz<4W\'&&dܬX\08~6tccDWD\Z\"ҝ%%%|\n\\\"iʕ1_3RTTb޽[ܯ[4tڴiSto^ZZ>V&555itҥ\\U輼[g*G\"犊\n>^@\"\r\nU=E\Z\ZںukIIIggcjD\Z544HoڴIvMLLxނFG\0SD\ZV|r/sM2U\0,HC|1]xJKK-10\0nC[j@Y&---s\0`Hýjkk%^W\0@bD\Zn^\\\\\\QQׇ2\"\rw*KӺ\0R p[XXР@\0 -D\ZM&aUWa\0lHC?8P.R̨٧O޸qc$Ɓ@ӓ_\0HcNE,\r<w}\rjٳzFFF$W\\QN3R⼼wߕx\0[#Ҙ#<Kn\\,n㟸}wWGА[j2^xA}ɨXz\0\\Py\\y_xϾW(Ʒ<<\"CNYY.dݯꘫk׮˗Z~Y\00F֩Bw<)4WO}\r?|ug.F[[hOc%dHտTty||<ӥ9_7r5\"R`\'Fk?W?k^hsqMVls_7RtW_޼y\r<ϯB>\0FE\n}^BwTH~IɿW1V/EԹJ~ֈ4E*U׾gδj=[N&4\08FVD^~憛%Zqw^UUi\0n@RѼ Y͹76&LoU_k[\r),JpSSM_	֯in\Zk \0H|j\Zg\Z	|GUu<)=|#?{M:x%lE\Z\Zr\ni\0Da>%\\\'#mUip!3ᦓ1n{)!wOdD\Z&S}]fɒN;=Nj+8Eo>xEK>s``4\0G\"0RmGO4?840D\Z&Su?ɿcS.PWYݳ4oFVÿsl;ں74}񵟫9,鮮!6oݿ=\0HdRʳIƟ}{GZf1QoQƙӧ;::\"xLD\Z&*H;.\ZvqH}wL^3;\\yey骂3rպ{\00Um=\'#Bq,zW ~?/Kp$\"\r3I#^\"]|g|3zx#}Uѻ\0T;շi\0NBaH7zew{ǈ4\0\'!0StnLZ}IfMѻ<M8T#oyMz6o;_]z<}&D\ZiIE䁃#XǾ:2<[w|Hp0\"\r3HzȚ7ge&ʢwf䋯\\Ue%o`D\ZfR^/|k3*Ǟ\nX//-Y\0#0Y0^~PMwwwxe)zlL\08?^r㩿_Bk箜nKYDXC̶B]GmnnkA8TGO|m/>ێ)\n^H[ƊL5F8\"/Kw_~9֯76wZPSSUj.5J6/\\H97DVUeLi\0Ca2)L<tX=Re50?}S=ѽ#Ǐ43\\70D\Z^V渇Jc󷇛ϧS\'Wbl+]U VFG3i\0Dadzhh{Tu:禯t?0BwT{~qAPOt~yh\0H#++ӣ]]]>W~pt<xQVV{37FZ_Lv.W\0H#+dZ=:;;UUU%/^sܹ6BHVPVoQ.PvyHp$\"l|g>Z}uޗe,CNYY(ud_TUV\\Qh\0BE1jmm=Q__`w=\'\\e/r+wRo;~xssl.;\0\\H#;=00&C5ҷ׼*19kk<	l(N(4\0 ȺHGGGd6R}i	cQHVPyMdC\\vB\\P}cH$V\"ge\\$+<	l.;\0\\HcLŤZ/\r\nSe\\$+j1y\0\\HcNEz||\\ZY(+j;ihI*1d\\!\0܉HC$t\0haCM\0\0\0\0IENDB`',1,'deviceFee.png'),(3,0,'<?xml version=\"1.0\" encoding=\"UTF-8\"?>\n\n<process name=\"设备费用报销\" xmlns=\"http://jbpm.org/4.4/jpdl\">\r\n   <start g=\"193,29,48,48\" name=\"开始\">\r\n      <transition g=\"-71,-17\" name=\"to 提交申请\" to=\"提交申请\"/>\r\n   </start>\r\n   <end g=\"193,385,48,48\" name=\"结束\"/>\r\n   <task assignee=\"#{application.elecUser.logonName}\" g=\"144,109,147,63\" name=\"提交申请\">\r\n      <transition g=\"-119,-17\" name=\"to 审批【部门经理】\" to=\"审批【部门经理】\"/>\r\n   </task>\r\n   <task assignee=\"#{departmentManager}\" g=\"141,204,152,59\" name=\"审批【部门经理】\">\r\n      <transition g=\"-107,-17\" name=\"to 审批【总经理】\" to=\"审批【总经理】\"/>\n      <transition name=\"to 结束\" to=\"结束\" g=\"-47,-17\"/>\r\n   </task>\r\n   <task assignee=\"#{generalManager}\" g=\"287,297,139,58\" name=\"审批【总经理】\">\r\n      <transition g=\"-47,-17\" name=\"to 结束\" to=\"结束\"/>\r\n   </task>\r\n</process>',1,'deviceFee.jpdl.xml'),(9,0,'<?xml version=\"1.0\" encoding=\"UTF-8\"?>\n\n<process name=\"设备购置计划\" xmlns=\"http://jbpm.org/4.4/jpdl\">\n   <start name=\"开始\" g=\"193,29,48,48\">\n      <transition name=\"to 提交申请\" to=\"提交申请\" g=\"-71,-17\"/>\n   </start>\n   <end name=\"结束\" g=\"193,385,48,48\"/>\n   <task name=\"提交申请\" g=\"144,109,147,63\" assignee=\"#{application.elecUser.logonName}\">\n      <transition name=\"to 审批【部门经理】\" to=\"审批【部门经理】\" g=\"-119,-17\"/>\n   </task>\n   <task name=\"审批【部门经理】\" g=\"141,204,152,59\" assignee=\"#{departmentManager}\">\n      <transition name=\"to 审批【总经理】\" to=\"审批【总经理】\" g=\"-107,-17\"/>\n   </task>\n   <task name=\"审批【总经理】\" g=\"148,295,139,58\" assignee=\"#{generalManager}\">\n      <transition name=\"to 结束\" to=\"结束\" g=\"-47,-17\"/>\n   </task>\r\n</process>',8,'devicePlan.jpdl.xml'),(10,0,'PNG\r\n\Z\n\0\0\0\rIHDR\0\0\0\0\0\0\0g]po\0\0-CIDATxT=濴mmm[٭mMަIw&MLc~5F-I=d5\Z$E*\"QQ@|q2<~3fy_%\0\0`}\0\0\0 6\"\r\04\0\0\"\0\0H\0`(\"\r\04\0\0\"\0\0H\0`(\"\r\04\0\0\"\0\0H\0`(\"\r\04\0\0\"\0\0H\0`(\"\r\04\0\0\"\0\0H\0`(\"\r\04\0\0\"\0\0H\0`(\"\r\04\0\0\"\0\0H\0`(\"\r\04\0\0\"\0\0H\0`(\"\r\r\Z␋x@\",\r|QLH&4L&\"ŋZgwxSOː){`Uwww__LMH5D1?зjӅ#~/\n-?`9!ʙrLi6?vTHAD\ZKzttthh(ww#7=xkml?o2AdiȮ4A1TGFF|>?ͻ/g?b!ȆK===+!\n4Km]g2ĦZ\rP6?XWW\0\n4ET)s+oknZh>ۥg6wvvi\0HcZ}>_FOe|uWnȾ[:-iٹz~Z\n\0ӅH~\Z\Zzk׋>W^>][ZZzzz*XLp+\"\rŋHɾRll#{8\ru}}}rE,2zpp0`9\Z99$K	|;88=\\t&xNSW`L>9&6?z3\\<;Q!Wb\Z[ilbo`PGaCmo}9mC\'.OxĜзۇ|عsXLp+\"\r;e{}|=NNgk\'&4l`|<94lpj~aӧObD\ZvRoK{Gص)5%9#xfwtpfoCo.oY__wy:v,?=\0،HNRK޼umqcG=r汶\'&\\SW\'ڂӂ\\>QKθɕi\0Ca\':;;yoWo_~\r\Zu%t|Q<FN[ԜV	;S&={CGNTZO\06#ҰzBRgn=pfA#pwAuę[drpH}ĴL9Sv~kQN=-\0iIJ900v瓟)=ϳIFEĉۂ>y8GYq:yķ	{\'?SQANHp\"\r;G콧6=oO-?ub\roՙ/_zzC~dNIz}D\Zi)|`ˁ8Q*]U덗Q]NOr/{bĶ6}H8qHp+\"\r;\"}3r#ЃVǺy>~;4aԄvb|3i\0FaPNw6cϱ>?lJwp7\"\r;\"hθ1W5waNi;k/#7-Z***4\0#ҰS-XOnPvJ&F}˗Շ&}B\'e}\r~zVΗ[\0Bfx~\0:ɠ\nQN|PhEri7Ca&\0\\HNz7<pK}iƇӁqgs&6\rui`\'>d祥555|,(\0#ҰSl?C7JMCzAy2?(眼|\\9qf?ZJml\0p1\"\r;UeGGӧܾ\\^95zsLѦבQu)uiґ3M8M}.ܽ{ÇW\0܍Hfxboosꖬcin\\h>+.Y۷2Zv.W!W$W2\Z+i,|1xVg\'UV޾nݺuϞ=[9h\0Fa?kmmmhh8\\*qtŉMSYCȆdM%%%[ٹ\\h\0.Fa?\Z\Ziii9~翜d#-Ȇ-[v-ner,ƴ:{l}}5ه3nz`6=~2Addgn*khىJv(UbD\ZBVXUYVVVy4kӣgG?_[~ĻrB3\" dr۷o߳gl.;]emW,t	,|[ZZ\Z\Z\Z۷{exSOː)ɄBɳLMdC\\v\"\0R4\nuz<ÇKwKKKwY\\\\,%~w	VΔdLɲl(NdW\Z@ Ҙ^ӣCCC}}}Ν;}t}}}MM͡C_QQ/|+gE2AdD6e\'yh\n\r iL;鱱/Jqϟ?ze}t\"H3\" dl\"\n\r ui̐T˲-)F,\"JD3\" 3ESKZZZD80T?\\g\0)HH<Ӛ]~%WTHjLx]%\"pYYY\0툴S%XVnŶɴH@4\"TSJ:t9+鄫hD\Z\0iG$M$Npw\\IZ\0 it/H\'ܛzc^\0)H;d#sd		fe%\"\r\0i+ޕ{D\Z\0i^&j{Nτ{J:77\0HxJ}MfJ6\0R4\0D#0hD\ZF(..}\0`\"\r#>\n\004\0D#0hD\ZF(--}\0`\"\r#>\n\004\0D#0hD\ZFۼy\0\0i>\n\004\0D#0hD\ZF8wܺut\0HCe˖}իu\0HCBo۶-??_A44pBzz*ҥK^\0#ij*邂\"\rjkk,Y\"]UUp\0D\ZF̔Hgee>\00JJJ$һv} \0`\"\r#:==}``@\0A4\0\0\"\0\0H\0`(\"\r\04\0\0\"\0\0HG[^*XƧe\\Y$\'Uz|#~72\0#.=8W/ў4׏vJϬ*!7g.Z#=K+c\'z<q7<\07\"!x\"*mm՞4wyk_ot\0p\"в[YzB{RgZ= kk\0E]\"ң\n-ޭTͽ)g7}G\0*D\rT$֖7j/Vj5]\0܃HzK*ǢAow\0A7Wk8^)wGβ`\"x5^^)#Tmx[;\0 Ҏ7?7Zb{En[S\0p	\"xS5xQ	wDnYsu)\0v_(ahhמ(\0w\n\0.AO}i \0lDOEZ{jCKi#F\r\"\rFDQHv<\"m \0lDH54\0i3$s\rg=9&<?i\0NDH\',wI\\]~4\0\"Ҏ=f̄U5D\Zt Ҏ=pGmoJ\Zi3\'+ХXε\"\rFDLtH\'|;Ӭv<_\'N7\"\r鈴itD#ĶzEwG٨e4`/\"xF\"zi\0CϨH:޴sF:	D\ZitόQ&\ng%\r݈i4#|i\06\"ҎG\ZD\Zi`#\"xDڨA؈H;6ji\06\"ҎG\ZD\Zi`#\"xDڨA؈H;ެR~}bP7;\0 Ҏ7\'HP~]{Crt)\0v{0-o\'ơ.-f/.}\0D^/;!afD1mb~n;\0 Ҏ/aloO{R|ܜQ(Ŏc-\0\\HoH~JxGnYsF\0\\HAMsZLjުm#uݯ}w\0D%^)/lA=ˋ?\'h|\\]i{f/.mޭVtSG;\0W!iyiz\nʫy.w\0nC]w?/i^gc4z-ۈ54@f|R)\ZjǸ]10M;I6\nxVW/ȹ޼J04\0\0\"\0\0H\0`(\"\r\0IKKKxQ􉘓%-INI`§%\0`HO٭)Gz\nu)G_uY9+AuKyix{8?I$颢s\0 IuwcWxًf%Wgw@2Gs\0\"=	SH̅ff]|sۘ?HH[,\0\0!ɊWdX.+IE:ކsH4\0D ғ`b{)u\ndw~\"fcΟ;\0\0B\'ajNx:殒	Bq>h-v\0P$L-X*z)so?I=a<&<\0\0\02%dUHjE;IxCDd.ޡZ\0\0 HϜdNXxd!% g!\0p%4LA )4\0D 0D\Z \0HD\Z\0\"iH@\"\rSi\0@a\n\"\r\04LA )4\0D 0D\Z \0HD\Z\0\"iH@\"\rSi\0@ٲe\"իu\0HCBo۶-??_A44pBzz*ҥK^\0#ij*邂\"\rjkk,Y\"]UUp\0D\ZF̔Hgee>\00JJJ$һv} \0`\"\r#:==}``@\0A4\0\0\"\0\0H\0`(\"\r\04\0\0\"\0\0HG[^*XƧe>dy߈_m{t<r7,}zu\0\\HDng\\Ռ3\nm]~%Cn_},XUgTT=>~\0]I?Rqk;k{7,FCk5{7JGt#\0v<UhYɭ,=X);dah5i\0v!Ζ[QHhU^ó_\0p	\"`{|\nk\'!d$HMs{\07 qbƢAo\0n@7W6^)f7e1\rJi*,1\"#TMx[\0#N5?7PZMbDwMsB\0GJ}/6pM3ka\0#Nu\rڛĈ#\0H;+>A؂H;\Z1bu辏\0p<\"TDA؂H;6yi\0 Ne{Ν1\'KZ37J	p[\"\r@;\"TW٭)Gz\nוL,H0v*[\"҈M*h̝[b~2i\0\"Ne/{1lDN$,:`2\"TD:B3r3|~xL6/?v*\"tDi͛Bmh1\"\rdDکff%z4a,I6Hp\"T3l\\N68z	D\ZSzNz(libN&jmkşD\Z#iZG:fV/Ic\"fH0vtD\"j|]GK8!G \0E6yi\0 NEMD\Z-Si`\"TDA؂H;6yi\0 NEMD\Z-SZ+hh$FP\0#N5\'H2P~]{Cn辏\0p<\"T#%X[ި=HqKnًtG\08vNH	٣Ihk4s+tG\08v~)Ug{;|ڳ7gMX\0#v%_o<=KxGnYsF \0H;XMsZLj\'Nw\0p\"li$6Xn9E\0\\H;oįދ5{qAmsP5*:u/\0v<O{KsWОU^(5gt#\0vEۦՒzjc2O%\0E]b|R)\n\Zjyǰ}DWw؎Htw~nyqͫn+\0ӄH\0`(\"\r\04\0\0\"\0\0H%---E\'bNgq-1wL§%\0`Hk3r16HǛ`]d\0̺^+KEW@ż#]TTp\0\"m+\\2Zw7	\'yax1L9Ҭ Joi]\'3#x+胴Xvi\0\Z\"m\'{Jx\'sBW1s=zWo\0KDv_MÙ5bW#lpͮ!\0HljNx:殒	5O2=>h\"\r\0S@m6+阻\nMWxɌyTjqHiE+$ȳucdVO0@\0B̲͒8	huAŬu9\\E\0R)4\0D 0D\Z \0HD\Z\0\"iH@\"\rSi\0@a\n\"\r\04LA )4\0D 0D\Z \0HD\Z\0\"iH@\"\rSi\0@a\n\"\r\044[lY^z\0#ih^m۶>(\00f.\\HOOW^tivv}P\0`\"\rVZ\"]PPc\0B_mm%KTt\0H鬬1\0 0BIIDz׮]\0BaY@>\00\0PD\Z\0\0Ci\0\0E\00\0PD\Z\0\0C0>~iі./kɏ9EK{\"`^7}cH!DG|9Sq~7,@,3kaJVHFOh#ɡ~i>zǳ_*}p;\"Nҏ\'^shhퟷfFI\ZiwR!kYO>Dڅr+==smUO%<ki9SX[ިd\'/!U4wv@hoX*E[Ճ޺ov\0D]7Wk;^)63߯8r4\0iW)񪅝zx\n/VBDUQ\\=]3=\"[vi{&G[g-}p!\"*׿Qگ=])5\0t\0\\H$,>Hp\"**ڣjCu\0\\H\n&\0܄H\n&\0܄H;wnOĜZbD97J+\np[\"\r@DU01#mSE/z$[$\0HʕG:T`\rD[+%\0HKUX9ޮ@8\Zv+tmt營x+胴Xvi\0B]ŖH\'<f&$ zc+\"\rYJ:5-]/tHp(\"*3l-L#2Hp\n\"*Z\n[+hd&kx,b \0HWw:1Koqf2+i\'yD\Z@#:Quкb:ޜdH0\rv>[ \0	v\"M	v\"M	v\"M	v\"M	vYs\rڻRCu\0\\Hʜ\"EvJ!v{`-oޭw>{qiWycޚ=ӕ:cjϭ}p!\"*Mv+E;qEF4jW*x=kaЈ_-4w.\rshQ~;iO{׿o./̢q79\0\".b^\\PܫgVtSGkiw߼Pwe	Us(Gw[sKM\r͈k.6ԋV,WwS!0݈_*>\"V]QCɏ_<4@OrRx;?<_ɸzAUzxC\00\0PD\Z\0\0Ci\0\0E1iiiZO\0$Hc*#,\08Ƥ*drQQG	\0GSd׵ᅶѬ NuSttkcF:+<\0p=\"7a/2+GS]5qZ7uw˓>z\0p5\"&u>feeMՈtJ:NfM \ZFI>\'ބ-hD\Z1osέ[nڎ\Z\0H^7\'\'GQ\0Y4@ \Z4\0D#0B]]͛u\0H\r\0@a\"\r\0ш4@ \Zʂt\0HD\Z\0iH@4\"\r#i\0FaZG\0f!0hD\ZF \0H7o}\0`\"\r-[W^\0D\Z:z۶m\n\0LAӅU322^\0Sihj*zǺ fK,HUUU>\00~t\0HCYLo۶M\0Y4t\0H\0`(\"\r\04\0\0\"\0\0HC8t\0hFj_~h9S.Rsh6D1ByԽWͷ֬WC=uPoWx\n64fH(oo\\^;\\y\\wy}kĻu``@-&\0R\rLPyZy\rx_{۷gǹ>&CNȷrT]3:պ&\0vD\ZNeZ=ѷrN=--<-gɓ	Zg|;?Ti\0HczB}{v5_oz϶L98\"dy-ޛOt\Z@* ҘFB/o_.{e9j{mkk\0RtQ{LzO}dS~3齹t\Z@ Ҙ硟&k~<z\nƨ׻g#et\Z@* ҘR9ߕ?bpY5wbwcV9y>ovx˷\ZZƈ4\0W\"ҰZF^RZVǏKCu_w;zֽ˜_Lz/^d1\r4>no[RZ?\'Qo:VS#{|6z\0lFa3[Jxl)|x+BoyѺ-wz<>\0\\HfRJYfO>6xxĐ&Yh5d-=_7tՅ/4\0!Ұzt;yսUսUUeLjxwm\'SU}<Y/++e1>00^\0;iLJy?:(/|eE94<\Zz[O\0v\"Ұ?P\"ʷo?kg`ܥơUgwOv,wvryn<>\\\0Da\'tٚ5?3[w\nƙ]eXGz<-\r4$l{<aC///ߕ\"}ѡ>}Hp\"\r;ED᭷F:|WvHp\"\r;GzDLmUn\"\rň4\"zXsW±3U?\'gBTۯނuxؗ߂_ND<s;vނET{?oڇ),߉Z/+epiIKz\n|F}}ߙT>Lƪ.xYպ{|[\0~rk|2:nOv}uwT`#χ\0p1\"\rxb{k3_4W/Xcgڍ&,t`!~6btÇ744\0܊Hf*Ҿ?USj{GKzwd}C+WG%c,_5FBOKw\\|9oGwZ@}}Y\nYN5GrgE#Tu4\0!ҰR-TzQ7f\'TY8F_sre}QYF&\0\\H~QY\Z@fv`}t1xG-+˳2&\r4ZLtttWN[{MЭ>\'T}^<l4h\0C1-3}}}gtCud<:X<<b|B׋*x6\Z[iLVz)+OykHSStLH&C{o\r/PvzHp%\"Ɔ?Z}zu7d,CNȷr\\:JK(4B1\":|&y֊|s_>iKwT/;zhCCl.;\0R\nt___GGGKK,߲АoX:`ʳZ@ˆBHD\Z.၁nY\rT7<)>\Zt$:G.	*ϲl(N(4A1TR*nnnz0)ge\'\Z@ Ҙ!AH;ڃi9S.	2-\"\Z@ ҘQUVΔ	2<HMD\Z\ZR-~\nv9S.Rs3Dx\04e-oZly\0\0\0\0IENDB`',8,'devicePlan.png');

/*Table structure for table `jbpm4_participation` */

DROP TABLE IF EXISTS `jbpm4_participation`;

CREATE TABLE `jbpm4_participation` (
  `DBID_` bigint(20) NOT NULL,
  `DBVERSION_` int(11) NOT NULL,
  `GROUPID_` varchar(255) default NULL,
  `USERID_` varchar(255) default NULL,
  `TYPE_` varchar(255) default NULL,
  `TASK_` bigint(20) default NULL,
  `SWIMLANE_` bigint(20) default NULL,
  PRIMARY KEY  (`DBID_`),
  KEY `FK_PART_SWIMLANE` (`SWIMLANE_`),
  KEY `FK_PART_TASK` (`TASK_`),
  KEY `IDX_PART_TASK` (`TASK_`),
  CONSTRAINT `FK_PART_SWIMLANE` FOREIGN KEY (`SWIMLANE_`) REFERENCES `jbpm4_swimlane` (`DBID_`),
  CONSTRAINT `FK_PART_TASK` FOREIGN KEY (`TASK_`) REFERENCES `jbpm4_task` (`DBID_`)
) ENGINE=InnoDB DEFAULT CHARSET=utf8;

/*Data for the table `jbpm4_participation` */

/*Table structure for table `jbpm4_property` */

DROP TABLE IF EXISTS `jbpm4_property`;

CREATE TABLE `jbpm4_property` (
  `KEY_` varchar(255) NOT NULL,
  `VERSION_` int(11) NOT NULL,
  `VALUE_` varchar(255) default NULL,
  PRIMARY KEY  (`KEY_`)
) ENGINE=InnoDB DEFAULT CHARSET=utf8;

/*Data for the table `jbpm4_property` */

insert  into `jbpm4_property`(`KEY_`,`VERSION_`,`VALUE_`) values ('next.dbid',1,'10001');

/*Table structure for table `jbpm4_swimlane` */

DROP TABLE IF EXISTS `jbpm4_swimlane`;

CREATE TABLE `jbpm4_swimlane` (
  `DBID_` bigint(20) NOT NULL,
  `DBVERSION_` int(11) NOT NULL,
  `NAME_` varchar(255) default NULL,
  `ASSIGNEE_` varchar(255) default NULL,
  `EXECUTION_` bigint(20) default NULL,
  PRIMARY KEY  (`DBID_`),
  KEY `FK_SWIMLANE_EXEC` (`EXECUTION_`),
  KEY `IDX_SWIMLANE_EXEC` (`EXECUTION_`),
  CONSTRAINT `FK_SWIMLANE_EXEC` FOREIGN KEY (`EXECUTION_`) REFERENCES `jbpm4_execution` (`DBID_`)
) ENGINE=InnoDB DEFAULT CHARSET=utf8;

/*Data for the table `jbpm4_swimlane` */

/*Table structure for table `jbpm4_task` */

DROP TABLE IF EXISTS `jbpm4_task`;

CREATE TABLE `jbpm4_task` (
  `DBID_` bigint(20) NOT NULL,
  `CLASS_` char(1) NOT NULL,
  `DBVERSION_` int(11) NOT NULL,
  `NAME_` varchar(255) default NULL,
  `DESCR_` longtext,
  `STATE_` varchar(255) default NULL,
  `SUSPHISTSTATE_` varchar(255) default NULL,
  `ASSIGNEE_` varchar(255) default NULL,
  `FORM_` varchar(255) default NULL,
  `PRIORITY_` int(11) default NULL,
  `CREATE_` datetime default NULL,
  `DUEDATE_` datetime default NULL,
  `PROGRESS_` int(11) default NULL,
  `SIGNALLING_` bit(1) default NULL,
  `EXECUTION_ID_` varchar(255) default NULL,
  `ACTIVITY_NAME_` varchar(255) default NULL,
  `HASVARS_` bit(1) default NULL,
  `SUPERTASK_` bigint(20) default NULL,
  `EXECUTION_` bigint(20) default NULL,
  `PROCINST_` bigint(20) default NULL,
  `SWIMLANE_` bigint(20) default NULL,
  `TASKDEFNAME_` varchar(255) default NULL,
  PRIMARY KEY  (`DBID_`),
  KEY `FK_TASK_SWIML` (`SWIMLANE_`),
  KEY `FK_TASK_SUPERTASK` (`SUPERTASK_`),
  KEY `IDX_TASK_SUPERTASK` (`SUPERTASK_`),
  CONSTRAINT `FK_TASK_SUPERTASK` FOREIGN KEY (`SUPERTASK_`) REFERENCES `jbpm4_task` (`DBID_`),
  CONSTRAINT `FK_TASK_SWIML` FOREIGN KEY (`SWIMLANE_`) REFERENCES `jbpm4_swimlane` (`DBID_`)
) ENGINE=InnoDB DEFAULT CHARSET=utf8;

/*Data for the table `jbpm4_task` */

/*Table structure for table `jbpm4_variable` */

DROP TABLE IF EXISTS `jbpm4_variable`;

CREATE TABLE `jbpm4_variable` (
  `DBID_` bigint(20) NOT NULL,
  `CLASS_` varchar(255) NOT NULL,
  `DBVERSION_` int(11) NOT NULL,
  `KEY_` varchar(255) default NULL,
  `CONVERTER_` varchar(255) default NULL,
  `HIST_` bit(1) default NULL,
  `EXECUTION_` bigint(20) default NULL,
  `TASK_` bigint(20) default NULL,
  `LOB_` bigint(20) default NULL,
  `DATE_VALUE_` datetime default NULL,
  `DOUBLE_VALUE_` double default NULL,
  `CLASSNAME_` varchar(255) default NULL,
  `LONG_VALUE_` bigint(20) default NULL,
  `STRING_VALUE_` varchar(255) default NULL,
  `TEXT_VALUE_` longtext,
  `EXESYS_` bigint(20) default NULL,
  PRIMARY KEY  (`DBID_`),
  KEY `FK_VAR_EXESYS` (`EXESYS_`),
  KEY `FK_VAR_LOB` (`LOB_`),
  KEY `FK_VAR_TASK` (`TASK_`),
  KEY `FK_VAR_EXECUTION` (`EXECUTION_`),
  KEY `IDX_VAR_EXESYS` (`EXESYS_`),
  KEY `IDX_VAR_TASK` (`TASK_`),
  KEY `IDX_VAR_EXECUTION` (`EXECUTION_`),
  KEY `IDX_VAR_LOB` (`LOB_`),
  CONSTRAINT `FK_VAR_EXECUTION` FOREIGN KEY (`EXECUTION_`) REFERENCES `jbpm4_execution` (`DBID_`),
  CONSTRAINT `FK_VAR_EXESYS` FOREIGN KEY (`EXESYS_`) REFERENCES `jbpm4_execution` (`DBID_`),
  CONSTRAINT `FK_VAR_LOB` FOREIGN KEY (`LOB_`) REFERENCES `jbpm4_lob` (`DBID_`),
  CONSTRAINT `FK_VAR_TASK` FOREIGN KEY (`TASK_`) REFERENCES `jbpm4_task` (`DBID_`)
) ENGINE=InnoDB DEFAULT CHARSET=utf8;

/*Data for the table `jbpm4_variable` */

/*!40101 SET SQL_MODE=@OLD_SQL_MODE */;
/*!40014 SET FOREIGN_KEY_CHECKS=@OLD_FOREIGN_KEY_CHECKS */;
